/**
  ========== Initial Data: Roles, User, Address, and Vendor ==========
 */
INSERT INTO role (role_id, role)
VALUES (1, 'ROLE_USER'),
       (2, 'ROLE_ADMIN'),
       (3, 'ROLE_VENDOR'),
       (4, 'ROLE_CLIENT')
ON DUPLICATE KEY
    UPDATE role_id=role_id;

INSERT INTO user (user_id, email, password, user_status, role_id, full_name) -- all passwords are: test
VALUES (1, 'user@gmail.com', '$2a$10$bGyGVholFvN93tqon7LQeeTdOA6VFibsCbmFroFZ4RkeGHMJ7Fh9e', 'ACTIVE', 1, 'Demo User'),
       (2, 'test@gmail.com', '$2a$10$bGyGVholFvN93tqon7LQeeTdOA6VFibsCbmFroFZ4RkeGHMJ7Fh9e', 'ACTIVE', 1, 'Test User'),
       (3, 'admin@gmail.com', '$2a$10$bGyGVholFvN93tqon7LQeeTdOA6VFibsCbmFroFZ4RkeGHMJ7Fh9e', 'ACTIVE', 2,
        'Test Admin'),
       (4, 'vendor@gmail.com', '$2a$10$bGyGVholFvN93tqon7LQeeTdOA6VFibsCbmFroFZ4RkeGHMJ7Fh9e', 'ACTIVE', 3,
        'Test Vendor'),
       (5, 'apple@gmail.com', '$2a$10$bGyGVholFvN93tqon7LQeeTdOA6VFibsCbmFroFZ4RkeGHMJ7Fh9e', 'ACTIVE', 3, 'Apple Inc'),
       (6, 'miu-shop@gmail.com', '$2a$10$bGyGVholFvN93tqon7LQeeTdOA6VFibsCbmFroFZ4RkeGHMJ7Fh9e', 'ACTIVE', 3,
        'MIU Shop'),
       (7, 'client@gmail.com', '$2a$10$bGyGVholFvN93tqon7LQeeTdOA6VFibsCbmFroFZ4RkeGHMJ7Fh9e', 'ACTIVE', 4,
        'Test Client')
ON DUPLICATE KEY
    UPDATE user_id=user_id;

INSERT INTO address (address_id, address1, city, country, state, zip_code, user_id)
VALUES
    (1, '1000N 4Th ST', 'Fairfield','USA','IOWA','52557', 1),
    (2, '200 Elm St', 'Dallas', 'USA', 'Texas', '75202', 2),
    (3, '101 Broadway', 'New York', 'USA', 'New York', '10007', 3),
    (4, '345 Maple St', 'Los Angeles', 'USA', 'California', '90001', 4),
    (5, 'Apple Park Way', 'Cupertino', 'USA', 'California', '95014', 5),
    (6, '678 Pine St', 'San Francisco', 'USA', 'California', '94102', 6)
ON DUPLICATE KEY
UPDATE address_id = address_id;

INSERT INTO vendor (vendor_id, vendor_name, description, logo_file_id, user_id)
VALUES (1, 'Apple',
        'Apple Inc. is an American multinational technology manufacturing electronic gadgets and providing services. Manufactures Mac, iPhone, iPad etc. ',
        null, 5),
       (2, 'MIU',
        'Miu Store- Shop your local store for a wide selection of items in electronics, home furniture & appliances, toys, clothing, baby gear, video games, and more',
        null, 6),
       (3, 'MI-Xiaomi',
        'MI Phone, appliances, toys, and more', null, 4)
ON DUPLICATE KEY
    UPDATE vendor_id=vendor_id;

/**
  ========== Initial Data: Product Category, Product ==========
 */
INSERT INTO product_category (category_id, category, file_uri)
VALUES (1, 'Computers',
        'https://images.pexels.com/photos/1779487/pexels-photo-1779487.jpeg?auto=compress&cs=tinysrgb&w=800&h=600&dpr=1'),
       (2, 'Books',
        'https://images.pexels.com/photos/3368816/pexels-photo-3368816.jpeg?auto=compress&cs=tinysrgb&w=800&h=600&dpr=1'),
       (3, 'Kitchen',
        'https://images.pexels.com/photos/350417/pexels-photo-350417.jpeg?auto=compress&cs=tinysrgb&w=800&h=600&dpr=1'),
       (4, 'Fashion',
        'https://images.pexels.com/photos/1381556/pexels-photo-1381556.jpeg?auto=compress&cs=tinysrgb&w=800&h=600&dpr=1'),
       (5, 'Electronic',
        'https://images.pexels.com/photos/356056/pexels-photo-356056.jpeg?auto=compress&cs=tinysrgb&w=800&h=600&dpr=1'),
       (6, 'Clothing',
        'https://images.pexels.com/photos/996329/pexels-photo-996329.jpeg?auto=compress&cs=tinysrgb&w=800&h=600&dpr=1')
ON DUPLICATE KEY
    UPDATE category_id=category_id;

INSERT INTO product (product_id, description, is_deleted, is_verified, name, price, quantity, category_id, vendor_id)
VALUES (1,
        'Apple 2023 MacBook Pro Laptop M2 Pro chip with 12‑core CPU and 19‑core GPU: 16.2-inch Liquid Retina XDR Display, 16GB Unified Memory, 512GB SSD Storage. Works with iPhone/iPad; Silver',
        false, true, 'MacBook Pro 16 (M2 Pro)', 10, 10, 1, 1),
       (2, 'Practical recipes for enterprise Java developers to deliver large scale applications with Jakarta EE',
        false,
        true, 'Java 17 Recipes', 20, 50, 2, 2),
       (3,
        'Housewares digital Cool-Touch Rice Grain Cooker and Food Steamer, Stainless, Silver, 4-Cup (Uncooked) / 8-Cup (Cooked)',
        false, true, 'Aroma Rice Cooker', 15, 5, 3, 2),
       (4,
        'Xiaomi Pad 5 comes equipped with large 11 screen, slim, stylish design,Qualcomm Snapdragon 860, WQHD+ 120Hz display,8720mAh (typ) high-capacity battery.',
        false, true, 'Xiaomi Pad 5', 50, 15, 5, 3),
       (5,
        ' 70% Nylon, 25% Polyester, 5% Spandex Pull On closureGusseted Crotch: Gusseted crotch for greater freedom of movement, Flatlock seams reduce irritation caused by chafing',
        false, true,
        'OQQ Women 3 Piece High Waist Workout Shorts Butt Lifting Tummy Control Ruched Booty Smile Yoga Short Pants',
        31, 15, 4, 3),
       (6,
        'Samsung Galaxy S24 Plus 5G Smartphone with Exynos 2200 chip: 6.8-inch Dynamic AMOLED 2X Display, 16GB RAM, 512GB Internal Storage, 108MP Camera, 4500mAh Battery. Works with Samsung Galaxy Watch; Phantom Black',
        false, true, 'Samsung Galaxy S24 Plus', 1000, 20, 1, 3),
       (7,
        'The Lean Startup: How Today’s Entrepreneurs Use Continuous Innovation to Create Radically Successful Businesses',
        false, true, 'The Lean Startup', 15, 30, 2, 2),
       (8,
        'Stainless Steel 3-Piece Mixing Bowl Set with Non-Slip Silicone Base, Easy Pour Spout, Measurement Marks, and Nesting Design',
        false, true, 'Mixing Bowl Set', 25, 8, 3, 1),
       (9,
        'Canon EOS R7 Mirrorless Camera with RF24-105mm F4-7.1 IS STM Lens: 30.1 Megapixel Full-frame CMOS Sensor, Dual Pixel CMOS AF, DIGIC X Image Processor, 4K Video Recording. Works with Canon Connect App; Black',
        false, true, 'Canon EOS R7', 1500, 12, 5, 3),
       (10,
        'Men’s Slim-Fit Dress Shirt with Spread Collar, French Cuffs, and Non-Iron Fabric. Available in White and Blue.',
        false, true, 'Slim-Fit Dress Shirt', 45, 25, 4, 2),
       (11,
        'Samsung Galaxy S22 Ultra 5G with 6.8-inch AMOLED display, Exynos 2200 processor, 12GB RAM, 512GB storage, quad camera setup, 5000mAh battery',
        false, true, 'Samsung Galaxy S22 Ultra 5G', 1299, 20, 3, 1),
       (12,
        'Bose QuietComfort 45 Noise Cancelling Headphones with 24-hour battery life, Alexa/Google Assistant voice control, and comfortable ear cushions',
        false, true, 'Bose QuietComfort 45', 329, 30, 1, 1),
       (13,
        'Amazon Basics 10-Piece Non-Stick Cookware Set with PFOA-free coating, comfortable grip handles, and easy-to-clean design',
        false, true, 'Amazon Basics 10-Piece Cookware Set', 69, 10, 3, 2),
       (14, 'Sony PlayStation 5 Gaming Console with 4K UHD Blu-Ray Drive and DualSense Wireless Controller',
        false, true, 'Sony PlayStation 5', 499, 5, 6, 1),
       (15,
        'Samsung 55-inch QLED QN90A Series Smart TV with 4K UHD resolution, Quantum HDR 32X, and Object Tracking Sound',
        false, true, 'Samsung 55-inch QN90A Smart TV', 1799, 8, 1, 3)
ON DUPLICATE KEY
    UPDATE product_id=product_id;

/**
  ========== Initial Data: Shopping Cart(User), ShippingInfo, Orders, Order_Items ==========
 */
INSERT INTO shopping_cart (cart_id, created_date, quantity, product_id, user_id)
VALUES (1, '2023-04-19', 3, 1, 1)
    ON DUPLICATE KEY
update cart_id=cart_id;

insert into shipping(shipping_id, delivery_instruction, shipping_status, address_id)
values (1, 'Leave in front of door', 'PENDING', 1)
    ON DUPLICATE KEY
update shipping_id=shipping_id;

insert into orders(order_id, order_date, order_code, shipping_id, user_id)
values
    (1, '2023-04-23', '12345', 1, 1),
    (2, '2023-04-24', '12345', 1, 1)
ON DUPLICATE KEY
    update order_id=order_id;

insert into order_item(order_item_id, discount, price, quantity, tax, is_commissioned, order_id, product_id)
values (1, 12, 200, 2, 10, 0, 1, 2),
       (2, 10, 500, 2, 10, 0, 1, 1),
       (3, 8, 500, 4, 10, 0, 2, 1),
       (4, 8, 100, 4, 10, 0, 2, 4)
ON DUPLICATE KEY
    update order_item_id=order_item_id;

/**
  ========== Initial Data: Payment, Orders_Payment, Card_Info ==========
 */
# insert into payment(payment_id, card_brand, card_holder_name, card_number, pay_amount, payment_status, transaction_id)
# values (1, 'Visa', 'Sanjaya koju', '123456', 2600, 'CONFIRMED', 1)
# ON DUPLICATE KEY
#     update payment_id=payment_id;


INSERT INTO card_info (card_info_id, card_number, exp_year, exp_month, cvc, card_brand, address_type, user_id,
                       card_digit)
values (1, '1234567891', 1, 1, '111', 'VISA', 'SHIPPING', 1, '4242'),
       (2, '1234567892', 2, 2, 222, 'MASTERCARD', 'SHIPPING', 2, '4444')
ON DUPLICATE KEY
    update card_info_id=card_info_id;

# insert into orders_payments(order_order_id, payments_payment_id)
# values (1, 1),
#        (2, 1)
# ON DUPLICATE KEY
#     update order_order_id=order_order_id and payments_payment_id = payments_payment_id;



INSERT INTO address (address_id, address1, address2, city, zip_code, country, user_id)
values (51, '1000N 4th St', '1001N 5th St', 'Fairfield', '52557', 'USA', 1),
       (52, '5000N 4th St', '5001N 5th St', 'Fairfieldd', '525555', 'UK', 1),
       (53, '1000N 4th St', '1001N 5th St', 'Fairfield', '52557', 'USA', 2),
       (54, '5000N 4th St', '5001N 5th St', 'Fairfieldd', '525555', 'UK', 2)
ON DUPLICATE KEY
    update address_id=address_id;


INSERT INTO shopping_cart (cart_id, created_date, quantity, product_id, user_id)
VALUES (1, '2023-04-19', 1, 1, 1)
ON DUPLICATE KEY
    update cart_id=cart_id;





/**
  ========== Initial Data: Email_Template,  ==========
 */
INSERT INTO email_template (template_id, from_email, mail_type, subject, template)
VALUES (1, 'prabeensoti@gmail.com', 'SIGNUP_VERIFICATION_CODE', 'Signup Verification', '<!DOCTYPE html PUBLIC "-//W3C//DTD XHTML 1.0 Transitional//EN" "http://www.w3.org/TR/xhtml1/DTD/xhtml1-transitional.dtd"><html xmlns="http://www.w3.org/1999/xhtml" xmlns:o="urn:schemas-microsoft-com:office:office" style="font-family:arial, ''helvetica neue'', helvetica, sans-serif"><head><meta charset="UTF-8"><meta content="width=device-width, initial-scale=1" name="viewport"><meta name="x-apple-disable-message-reformatting"><meta http-equiv="X-UA-Compatible" content="IE=edge"><meta content="telephone=no" name="format-detection"><title>Signup Verification</title><!--[if (mso 16)]><style type="text/css">     a {text-decoration: none;}     </style><![endif]--><!--[if gte mso 9]><style>sup { font-size: 100% !important; }</style><![endif]--><!--[if gte mso 9]><xml> <o:OfficeDocumentSettings> <o:AllowPNG></o:AllowPNG> <o:PixelsPerInch>96</o:PixelsPerInch> </o:OfficeDocumentSettings> </xml><![endif]--><style type="text/css">#outlook a {	padding:0;}.es-button {	mso-style-priority:100!important;	text-decoration:none!important;}a[x-apple-data-detectors] {	color:inherit!important;	text-decoration:none!important;	font-size:inherit!important;	font-family:inherit!important;	font-weight:inherit!important;	line-height:inherit!important;}.es-desk-hidden {	display:none;	float:left;	overflow:hidden;	width:0;	max-height:0;	line-height:0;	mso-hide:all;}@media only screen and (max-width:600px) {p, ul li, ol li, a { line-height:150%!important } h1, h2, h3, h1 a, h2 a, h3 a { line-height:120% } h1 { font-size:30px!important; text-align:left } h2 { font-size:24px!important; text-align:left } h3 { font-size:20px!important; text-align:left } .es-header-body h1 a, .es-content-body h1 a, .es-footer-body h1 a { font-size:30px!important; text-align:left } .es-header-body h2 a, .es-content-body h2 a, .es-footer-body h2 a { font-size:24px!important; text-align:left } .es-header-body h3 a, .es-content-body h3 a, .es-footer-body h3 a { font-size:20px!important; text-align:left } .es-menu td a { font-size:14px!important } .es-header-body p, .es-header-body ul li, .es-header-body ol li, .es-header-body a { font-size:14px!important } .es-content-body p, .es-content-body ul li, .es-content-body ol li, .es-content-body a { font-size:14px!important } .es-footer-body p, .es-footer-body ul li, .es-footer-body ol li, .es-footer-body a { font-size:14px!important } .es-infoblock p, .es-infoblock ul li, .es-infoblock ol li, .es-infoblock a { font-size:12px!important } *[class="gmail-fix"] { display:none!important } .es-m-txt-c, .es-m-txt-c h1, .es-m-txt-c h2, .es-m-txt-c h3 { text-align:center!important } .es-m-txt-r, .es-m-txt-r h1, .es-m-txt-r h2, .es-m-txt-r h3 { text-align:right!important } .es-m-txt-l, .es-m-txt-l h1, .es-m-txt-l h2, .es-m-txt-l h3 { text-align:left!important } .es-m-txt-r img, .es-m-txt-c img, .es-m-txt-l img { display:inline!important } .es-button-border { display:inline-block!important } a.es-button, button.es-button { font-size:18px!important; display:inline-block!important } .es-adaptive table, .es-left, .es-right { width:100%!important } .es-content table, .es-header table, .es-footer table, .es-content, .es-footer, .es-header { width:100%!important; max-width:600px!important } .es-adapt-td { display:block!important; width:100%!important } .adapt-img { width:100%!important; height:auto!important } .es-m-p0 { padding:0px!important } .es-m-p0r { padding-right:0px!important } .es-m-p0l { padding-left:0px!important } .es-m-p0t { padding-top:0px!important } .es-m-p0b { padding-bottom:0!important } .es-m-p20b { padding-bottom:20px!important } .es-mobile-hidden, .es-hidden { display:none!important } tr.es-desk-hidden, td.es-desk-hidden, table.es-desk-hidden { width:auto!important; overflow:visible!important; float:none!important; max-height:inherit!important; line-height:inherit!important } tr.es-desk-hidden { display:table-row!important } table.es-desk-hidden { display:table!important } td.es-desk-menu-hidden { display:table-cell!important } .es-menu td { width:1%!important } table.es-table-not-adapt, .esd-block-html table { width:auto!important } table.es-social { display:inline-block!important } table.es-social td { display:inline-block!important } .es-desk-hidden { display:table-row!important; width:auto!important; overflow:visible!important; max-height:inherit!important } }</style></head>
<body data-new-gr-c-s-loaded="14.1028.0" style="width:100%;font-family:arial, ''helvetica neue'', helvetica, sans-serif;-webkit-text-size-adjust:100%;-ms-text-size-adjust:100%;padding:0;Margin:0"><div class="es-wrapper-color" style="background-color:#F6F6F6"><!--[if gte mso 9]><v:background xmlns:v="urn:schemas-microsoft-com:vml" fill="t"> <v:fill type="tile" color="#f6f6f6"></v:fill> </v:background><![endif]--><table class="es-wrapper" width="100%" cellspacing="0" cellpadding="0" style="mso-table-lspace:0pt;mso-table-rspace:0pt;border-collapse:collapse;border-spacing:0px;padding:0;Margin:0;width:100%;height:100%;background-repeat:repeat;background-position:center top;background-color:#F6F6F6"><tr><td valign="top" style="padding:0;Margin:0"><table class="es-header" cellspacing="0" cellpadding="0" align="center" style="mso-table-lspace:0pt;mso-table-rspace:0pt;border-collapse:collapse;border-spacing:0px;table-layout:fixed !important;width:100%;background-color:transparent;background-repeat:repeat;background-position:center top"><tr><td align="center" style="padding:0;Margin:0"><table class="es-header-body" cellspacing="0" cellpadding="0" bgcolor="#ffffff" align="center" style="mso-table-lspace:0pt;mso-table-rspace:0pt;border-collapse:collapse;border-spacing:0px;background-color:#FFFFFF;width:600px"><tr><td align="left" style="padding:0;Margin:0;padding-top:20px;padding-left:20px;padding-right:20px"><table cellspacing="0" cellpadding="0" width="100%" style="mso-table-lspace:0pt;mso-table-rspace:0pt;border-collapse:collapse;border-spacing:0px"><tr><td class="es-m-p0r" valign="top" align="center" style="padding:0;Margin:0;width:560px"><table width="100%" cellspacing="0" cellpadding="0" role="presentation" style="mso-table-lspace:0pt;mso-table-rspace:0pt;border-collapse:collapse;border-spacing:0px"><tr><td align="center" bgcolor="#333333" style="padding:10px;Margin:0"><p style="Margin:0;-webkit-text-size-adjust:none;-ms-text-size-adjust:none;mso-line-height-rule:exactly;font-family:''comic sans ms'', ''marker felt-thin'', arial, sans-serif;line-height:45px;color:#ffffff;font-size:30px"><strong>Online Marketplace</strong></p>
</td></tr><tr><td align="left" style="padding:0;Margin:0"><h6 style="font-size:14px">Dear ${name},</h6><p style="Margin:0;-webkit-text-size-adjust:none;-ms-text-size-adjust:none;mso-line-height-rule:exactly;font-family:arial, ''helvetica neue'', helvetica, sans-serif;line-height:21px;color:#333333;font-size:14px">Thank you for signing up for our service. We''re thrilled to have you join us!</p><p style="Margin:0;-webkit-text-size-adjust:none;-ms-text-size-adjust:none;mso-line-height-rule:exactly;font-family:arial, ''helvetica neue'', helvetica, sans-serif;line-height:21px;color:#333333;font-size:14px">To verify your account, please use the following code:</p></td></tr><tr><td align="center" style="padding:15px;Margin:0"><p style="Margin:0;-webkit-text-size-adjust:none;-ms-text-size-adjust:none;mso-line-height-rule:exactly;font-family:arial, ''helvetica neue'', helvetica, sans-serif;line-height:22px;color:#333333;font-size:18px"><strong>${verificationCode}</strong></p></td>
</tr><tr><td align="left" style="padding:0;Margin:0"><p style="Margin:0;-webkit-text-size-adjust:none;-ms-text-size-adjust:none;mso-line-height-rule:exactly;font-family:arial, ''helvetica neue'', helvetica, sans-serif;line-height:21px;color:#333333;font-size:14px">You can also click on the following link to complete the verification process:</p></td>
</tr><tr><td align="center" style="padding:5px;Margin:0"><span class="es-button-border" style="border-style:solid;border-color:#2CB543;background:#31cb4b;border-width:0px 0px 2px 0px;display:inline-block;border-radius:30px;width:auto;mso-border-alt:10px;border-bottom-width:0px"><a href="${verificationLink}" class="es-button" target="_blank" style="mso-style-priority:100 !important;text-decoration:none;-webkit-text-size-adjust:none;-ms-text-size-adjust:none;mso-line-height-rule:exactly;color:#FFFFFF;font-size:18px;display:inline-block;background:#31CB4B;border-radius:30px;font-family:arial, ''helvetica neue'', helvetica, sans-serif;font-weight:normal;font-style:normal;line-height:22px;width:auto;text-align:center;padding:10px 20px 10px 20px">Verify</a></span></td>
</tr><tr><td align="left" style="padding:0;Margin:0"><p style="Margin:0;-webkit-text-size-adjust:none;-ms-text-size-adjust:none;mso-line-height-rule:exactly;font-family:arial, ''helvetica neue'', helvetica, sans-serif;line-height:17px;color:#333333;font-size:14px">If you did not sign up for our service, please disregard this message.<br><br>Thank you,<br><br>Online Marketplace</p></td></tr></table></td></tr></table></td>
</tr><tr><td align="left" style="padding:0;Margin:0;padding-top:20px;padding-left:20px;padding-right:20px"><table cellpadding="0" cellspacing="0" width="100%" style="mso-table-lspace:0pt;mso-table-rspace:0pt;border-collapse:collapse;border-spacing:0px"><tr><td align="center" valign="top" style="padding:0;Margin:0;width:560px"><table cellpadding="0" cellspacing="0" width="100%" bgcolor="#333333" style="mso-table-lspace:0pt;mso-table-rspace:0pt;border-collapse:collapse;border-spacing:0px;background-color:#333333" role="presentation"><tr><td align="left" style="padding:15px;Margin:0"><p style="Margin:0;-webkit-text-size-adjust:none;-ms-text-size-adjust:none;mso-line-height-rule:exactly;font-family:arial, ''helvetica neue'', helvetica, sans-serif;line-height:21px;color:#ffffff;font-size:14px"><br></p></td></tr></table></td></tr></table></td></tr></table></td></tr></table></td></tr></table></div></body></html>'),

       (2, 'prabeensoti@gmail.com', 'FORGOT_PASSWORD_REQUEST_CODE', 'Forgot Password Code', '<!DOCTYPE html PUBLIC "-//W3C//DTD XHTML 1.0 Transitional//EN" "http://www.w3.org/TR/xhtml1/DTD/xhtml1-transitional.dtd"><html xmlns="http://www.w3.org/1999/xhtml" xmlns:o="urn:schemas-microsoft-com:office:office" style="font-family:arial, ''helvetica neue'', helvetica, sans-serif"><head><meta charset="UTF-8"><meta content="width=device-width, initial-scale=1" name="viewport"><meta name="x-apple-disable-message-reformatting"><meta http-equiv="X-UA-Compatible" content="IE=edge"><meta content="telephone=no" name="format-detection"><title>New message</title><!--[if (mso 16)]><style type="text/css">     a {text-decoration: none;}     </style><![endif]--><!--[if gte mso 9]><style>sup { font-size: 100% !important; }</style><![endif]--><!--[if gte mso 9]><xml> <o:OfficeDocumentSettings> <o:AllowPNG></o:AllowPNG> <o:PixelsPerInch>96</o:PixelsPerInch> </o:OfficeDocumentSettings> </xml><![endif]--><style type="text/css">#outlook a {	padding:0;}.es-button {	mso-style-priority:100!important;	text-decoration:none!important;}a[x-apple-data-detectors] {	color:inherit!important;	text-decoration:none!important;	font-size:inherit!important;	font-family:inherit!important;	font-weight:inherit!important;	line-height:inherit!important;}.es-desk-hidden {	display:none;	float:left;	overflow:hidden;	width:0;	max-height:0;	line-height:0;	mso-hide:all;}.es-button-border:hover a.es-button, .es-button-border:hover button.es-button {	background:#56d66b!important;}.es-button-border:hover {	border-color:#42d159 #42d159 #42d159 #42d159!important;	background:#56d66b!important;}@media only screen and (max-width:600px) {p, ul li, ol li, a { line-height:150%!important } h1, h2, h3, h1 a, h2 a, h3 a { line-height:120% } h1 { font-size:30px!important; text-align:left } h2 { font-size:24px!important; text-align:left } h3 { font-size:20px!important; text-align:left } .es-header-body h1 a, .es-content-body h1 a, .es-footer-body h1 a { font-size:30px!important; text-align:left } .es-header-body h2 a, .es-content-body h2 a, .es-footer-body h2 a { font-size:24px!important; text-align:left } .es-header-body h3 a, .es-content-body h3 a, .es-footer-body h3 a { font-size:20px!important; text-align:left } .es-menu td a { font-size:14px!important } .es-header-body p, .es-header-body ul li, .es-header-body ol li, .es-header-body a { font-size:14px!important } .es-content-body p, .es-content-body ul li, .es-content-body ol li, .es-content-body a { font-size:14px!important } .es-footer-body p, .es-footer-body ul li, .es-footer-body ol li, .es-footer-body a { font-size:14px!important } .es-infoblock p, .es-infoblock ul li, .es-infoblock ol li, .es-infoblock a { font-size:12px!important } *[class="gmail-fix"] { display:none!important } .es-m-txt-c, .es-m-txt-c h1, .es-m-txt-c h2, .es-m-txt-c h3 { text-align:center!important } .es-m-txt-r, .es-m-txt-r h1, .es-m-txt-r h2, .es-m-txt-r h3 { text-align:right!important } .es-m-txt-l, .es-m-txt-l h1, .es-m-txt-l h2, .es-m-txt-l h3 { text-align:left!important } .es-m-txt-r img, .es-m-txt-c img, .es-m-txt-l img { display:inline!important } .es-button-border { display:inline-block!important } a.es-button, button.es-button { font-size:18px!important; display:inline-block!important } .es-adaptive table, .es-left, .es-right { width:100%!important } .es-content table, .es-header table, .es-footer table, .es-content, .es-footer, .es-header { width:100%!important; max-width:600px!important } .es-adapt-td { display:block!important; width:100%!important } .adapt-img { width:100%!important; height:auto!important } .es-m-p0 { padding:0px!important } .es-m-p0r { padding-right:0px!important } .es-m-p0l { padding-left:0px!important } .es-m-p0t { padding-top:0px!important } .es-m-p0b { padding-bottom:0!important } .es-m-p20b { padding-bottom:20px!important } .es-mobile-hidden, .es-hidden { display:none!important } tr.es-desk-hidden, td.es-desk-hidden, table.es-desk-hidden { width:auto!important; overflow:visible!important; float:none!important; max-height:inherit!important; line-height:inherit!important } tr.es-desk-hidden { display:table-row!important } table.es-desk-hidden { display:table!important } td.es-desk-menu-hidden { display:table-cell!important } .es-menu td { width:1%!important } table.es-table-not-adapt, .esd-block-html table { width:auto!important } table.es-social { display:inline-block!important } table.es-social td { display:inline-block!important } .es-desk-hidden { display:table-row!important; width:auto!important; overflow:visible!important; max-height:inherit!important } }</style></head>
<body data-new-gr-c-s-loaded="14.1028.0" style="width:100%;font-family:arial, ''helvetica neue'', helvetica, sans-serif;-webkit-text-size-adjust:100%;-ms-text-size-adjust:100%;padding:0;Margin:0"><div class="es-wrapper-color" style="background-color:#F6F6F6"><!--[if gte mso 9]><v:background xmlns:v="urn:schemas-microsoft-com:vml" fill="t"> <v:fill type="tile" color="#f6f6f6"></v:fill> </v:background><![endif]--><table class="es-wrapper" width="100%" cellspacing="0" cellpadding="0" style="mso-table-lspace:0pt;mso-table-rspace:0pt;border-collapse:collapse;border-spacing:0px;padding:0;Margin:0;width:100%;height:100%;background-repeat:repeat;background-position:center top;background-color:#F6F6F6"><tr><td valign="top" style="padding:0;Margin:0"><table class="es-header" cellspacing="0" cellpadding="0" align="center" style="mso-table-lspace:0pt;mso-table-rspace:0pt;border-collapse:collapse;border-spacing:0px;table-layout:fixed !important;width:100%;background-color:transparent;background-repeat:repeat;background-position:center top"><tr><td align="center" style="padding:0;Margin:0"><table class="es-header-body" cellspacing="0" cellpadding="0" bgcolor="#ffffff" align="center" style="mso-table-lspace:0pt;mso-table-rspace:0pt;border-collapse:collapse;border-spacing:0px;background-color:#FFFFFF;width:600px"><tr><td align="left" style="padding:0;Margin:0;padding-top:20px;padding-left:20px;padding-right:20px"><table cellspacing="0" cellpadding="0" width="100%" style="mso-table-lspace:0pt;mso-table-rspace:0pt;border-collapse:collapse;border-spacing:0px"><tr><td class="es-m-p0r" valign="top" align="center" style="padding:0;Margin:0;width:560px"><table width="100%" cellspacing="0" cellpadding="0" role="presentation" style="mso-table-lspace:0pt;mso-table-rspace:0pt;border-collapse:collapse;border-spacing:0px"><tr><td align="center" bgcolor="#333333" style="padding:10px;Margin:0"><p style="Margin:0;-webkit-text-size-adjust:none;-ms-text-size-adjust:none;mso-line-height-rule:exactly;font-family:''comic sans ms'', ''marker felt-thin'', arial, sans-serif;line-height:45px;color:#ffffff;font-size:30px"><strong>Online Marketplace</strong></p>
</td></tr><tr><td align="left" style="padding:0;Margin:0"><h6 style="font-size:14px">Dear ${name},</h6><p style="Margin:0;-webkit-text-size-adjust:none;-ms-text-size-adjust:none;mso-line-height-rule:exactly;font-family:arial, ''helvetica neue'', helvetica, sans-serif;line-height:21px;color:#333333;font-size:14px">We have received your request for a password reset for your account. As requested, we have sent you a unique code that you can use to reset your password. Please find your unique code below:</p></td></tr><tr><td align="center" style="padding:15px;Margin:0"><p style="Margin:0;-webkit-text-size-adjust:none;-ms-text-size-adjust:none;mso-line-height-rule:exactly;font-family:arial, ''helvetica neue'', helvetica, sans-serif;line-height:22px;color:#333333;font-size:18px"><strong>${verificationCode}</strong></p></td>
</tr><tr><td align="left" style="padding:10px;Margin:0"><p style="Margin:0;-webkit-text-size-adjust:none;-ms-text-size-adjust:none;mso-line-height-rule:exactly;font-family:arial, ''helvetica neue'', helvetica, sans-serif;line-height:21px;color:#333333;font-size:14px">Instead of use the link below:</p></td>
</tr><tr><td align="center" style="padding:10px;Margin:0"><!--[if mso]><a href="${verificationLink}" target="_blank" hidden> <v:roundrect xmlns:v="urn:schemas-microsoft-com:vml" xmlns:w="urn:schemas-microsoft-com:office:word" esdevVmlButton href="${verificationLink}" style="height:40px; v-text-anchor:middle; width:190px" arcsize="50%" strokecolor="#2cb543" strokeweight="1px" fillcolor="#31cb4b"> <w:anchorlock></w:anchorlock> <center style=''color:#ffffff; font-family:arial, "helvetica neue", helvetica, sans-serif; font-size:14px; font-weight:400; line-height:14px; mso-text-raise:1px''>Change Password</center> </v:roundrect></a><![endif]--><!--[if !mso]><!-- --><span class="es-button-border msohide" style="border-style:solid;border-color:#2CB543;background:#2CB543;border-width:0px 0px 2px 0px;display:inline-block;border-radius:30px;width:auto;mso-border-alt:10px;mso-hide:all"><a href="${verificationLink}" class="es-button es-button-1682192023622" target="_blank" style="mso-style-priority:100 !important;text-decoration:none;-webkit-text-size-adjust:none;-ms-text-size-adjust:none;mso-line-height-rule:exactly;color:#FFFFFF;font-size:18px;display:inline-block;background:#31CB4B;border-radius:30px;font-family:arial, ''helvetica neue'', helvetica, sans-serif;font-weight:normal;font-style:normal;line-height:22px;width:auto;text-align:center;padding:10px 20px">Change Password</a></span><!--<![endif]--></td>
</tr><tr><td align="left" style="padding:0;Margin:0"><p style="Margin:0;-webkit-text-size-adjust:none;-ms-text-size-adjust:none;mso-line-height-rule:exactly;font-family:arial, ''helvetica neue'', helvetica, sans-serif;line-height:17px;color:#333333;font-size:14px">Please note that this reset code is only valid for a limited time, so be sure to reset your password as soon as possible. If you have any questions or concerns, please don''t hesitate to contact us.<br><br>Thank you,<br><br>Online Marketplace</p></td></tr></table></td></tr></table></td>
</tr><tr><td align="left" style="padding:0;Margin:0;padding-top:20px;padding-left:20px;padding-right:20px"><table cellpadding="0" cellspacing="0" width="100%" style="mso-table-lspace:0pt;mso-table-rspace:0pt;border-collapse:collapse;border-spacing:0px"><tr><td align="center" valign="top" style="padding:0;Margin:0;width:560px"><table cellpadding="0" cellspacing="0" width="100%" bgcolor="#333333" style="mso-table-lspace:0pt;mso-table-rspace:0pt;border-collapse:collapse;border-spacing:0px;background-color:#333333" role="presentation"><tr><td align="left" style="padding:15px;Margin:0"><p style="Margin:0;-webkit-text-size-adjust:none;-ms-text-size-adjust:none;mso-line-height-rule:exactly;font-family:arial, ''helvetica neue'', helvetica, sans-serif;line-height:21px;color:#ffffff;font-size:14px"><br></p></td></tr></table></td></tr></table></td></tr></table></td></tr></table></td></tr></table></div></body></html>
'),
       (3, 'prabeensoti@gmail.com', 'PASSWORD_CHANGE_NOTIFICATION', 'Forgot Change Notification', '<!DOCTYPE html PUBLIC "-//W3C//DTD XHTML 1.0 Transitional//EN" "http://www.w3.org/TR/xhtml1/DTD/xhtml1-transitional.dtd"><html xmlns="http://www.w3.org/1999/xhtml" xmlns:o="urn:schemas-microsoft-com:office:office" style="font-family:arial, ''helvetica neue'', helvetica, sans-serif"><head><meta charset="UTF-8"><meta content="width=device-width, initial-scale=1" name="viewport"><meta name="x-apple-disable-message-reformatting"><meta http-equiv="X-UA-Compatible" content="IE=edge"><meta content="telephone=no" name="format-detection"><title>Password Change Notification</title><!--[if (mso 16)]><style type="text/css">     a {text-decoration: none;}     </style><![endif]--><!--[if gte mso 9]><style>sup { font-size: 100% !important; }</style><![endif]--><!--[if gte mso 9]><xml> <o:OfficeDocumentSettings> <o:AllowPNG></o:AllowPNG> <o:PixelsPerInch>96</o:PixelsPerInch> </o:OfficeDocumentSettings> </xml><![endif]--><style type="text/css">#outlook a {	padding:0;}.es-button {	mso-style-priority:100!important;	text-decoration:none!important;}a[x-apple-data-detectors] {	color:inherit!important;	text-decoration:none!important;	font-size:inherit!important;	font-family:inherit!important;	font-weight:inherit!important;	line-height:inherit!important;}.es-desk-hidden {	display:none;	float:left;	overflow:hidden;	width:0;	max-height:0;	line-height:0;	mso-hide:all;}@media only screen and (max-width:600px) {p, ul li, ol li, a { line-height:150%!important } h1, h2, h3, h1 a, h2 a, h3 a { line-height:120% } h1 { font-size:30px!important; text-align:left } h2 { font-size:24px!important; text-align:left } h3 { font-size:20px!important; text-align:left } .es-header-body h1 a, .es-content-body h1 a, .es-footer-body h1 a { font-size:30px!important; text-align:left } .es-header-body h2 a, .es-content-body h2 a, .es-footer-body h2 a { font-size:24px!important; text-align:left } .es-header-body h3 a, .es-content-body h3 a, .es-footer-body h3 a { font-size:20px!important; text-align:left } .es-menu td a { font-size:14px!important } .es-header-body p, .es-header-body ul li, .es-header-body ol li, .es-header-body a { font-size:14px!important } .es-content-body p, .es-content-body ul li, .es-content-body ol li, .es-content-body a { font-size:14px!important } .es-footer-body p, .es-footer-body ul li, .es-footer-body ol li, .es-footer-body a { font-size:14px!important } .es-infoblock p, .es-infoblock ul li, .es-infoblock ol li, .es-infoblock a { font-size:12px!important } *[class="gmail-fix"] { display:none!important } .es-m-txt-c, .es-m-txt-c h1, .es-m-txt-c h2, .es-m-txt-c h3 { text-align:center!important } .es-m-txt-r, .es-m-txt-r h1, .es-m-txt-r h2, .es-m-txt-r h3 { text-align:right!important } .es-m-txt-l, .es-m-txt-l h1, .es-m-txt-l h2, .es-m-txt-l h3 { text-align:left!important } .es-m-txt-r img, .es-m-txt-c img, .es-m-txt-l img { display:inline!important } .es-button-border { display:inline-block!important } a.es-button, button.es-button { font-size:18px!important; display:inline-block!important } .es-adaptive table, .es-left, .es-right { width:100%!important } .es-content table, .es-header table, .es-footer table, .es-content, .es-footer, .es-header { width:100%!important; max-width:600px!important } .es-adapt-td { display:block!important; width:100%!important } .adapt-img { width:100%!important; height:auto!important } .es-m-p0 { padding:0px!important } .es-m-p0r { padding-right:0px!important } .es-m-p0l { padding-left:0px!important } .es-m-p0t { padding-top:0px!important } .es-m-p0b { padding-bottom:0!important } .es-m-p20b { padding-bottom:20px!important } .es-mobile-hidden, .es-hidden { display:none!important } tr.es-desk-hidden, td.es-desk-hidden, table.es-desk-hidden { width:auto!important; overflow:visible!important; float:none!important; max-height:inherit!important; line-height:inherit!important } tr.es-desk-hidden { display:table-row!important } table.es-desk-hidden { display:table!important } td.es-desk-menu-hidden { display:table-cell!important } .es-menu td { width:1%!important } table.es-table-not-adapt, .esd-block-html table { width:auto!important } table.es-social { display:inline-block!important } table.es-social td { display:inline-block!important } .es-desk-hidden { display:table-row!important; width:auto!important; overflow:visible!important; max-height:inherit!important } }</style></head>
<body data-new-gr-c-s-loaded="14.1028.0" style="width:100%;font-family:arial, ''helvetica neue'', helvetica, sans-serif;-webkit-text-size-adjust:100%;-ms-text-size-adjust:100%;padding:0;Margin:0"><div class="es-wrapper-color" style="background-color:#F6F6F6"><!--[if gte mso 9]><v:background xmlns:v="urn:schemas-microsoft-com:vml" fill="t"> <v:fill type="tile" color="#f6f6f6"></v:fill> </v:background><![endif]--><table class="es-wrapper" width="100%" cellspacing="0" cellpadding="0" style="mso-table-lspace:0pt;mso-table-rspace:0pt;border-collapse:collapse;border-spacing:0px;padding:0;Margin:0;width:100%;height:100%;background-repeat:repeat;background-position:center top;background-color:#F6F6F6"><tr><td valign="top" style="padding:0;Margin:0"><table class="es-header" cellspacing="0" cellpadding="0" align="center" style="mso-table-lspace:0pt;mso-table-rspace:0pt;border-collapse:collapse;border-spacing:0px;table-layout:fixed !important;width:100%;background-color:transparent;background-repeat:repeat;background-position:center top"><tr><td align="center" style="padding:0;Margin:0"><table class="es-header-body" cellspacing="0" cellpadding="0" bgcolor="#ffffff" align="center" style="mso-table-lspace:0pt;mso-table-rspace:0pt;border-collapse:collapse;border-spacing:0px;background-color:#FFFFFF;width:600px"><tr><td align="left" style="padding:0;Margin:0;padding-top:20px;padding-left:20px;padding-right:20px"><table cellspacing="0" cellpadding="0" width="100%" style="mso-table-lspace:0pt;mso-table-rspace:0pt;border-collapse:collapse;border-spacing:0px"><tr><td class="es-m-p0r" valign="top" align="center" style="padding:0;Margin:0;width:560px"><table width="100%" cellspacing="0" cellpadding="0" role="presentation" style="mso-table-lspace:0pt;mso-table-rspace:0pt;border-collapse:collapse;border-spacing:0px"><tr><td align="center" bgcolor="#333333" style="padding:10px;Margin:0"><p style="Margin:0;-webkit-text-size-adjust:none;-ms-text-size-adjust:none;mso-line-height-rule:exactly;font-family:''comic sans ms'', ''marker felt-thin'', arial, sans-serif;line-height:45px;color:#ffffff;font-size:30px"><strong>Online Marketplace</strong></p>
</td></tr><tr><td align="left" style="padding:0;Margin:0"><h6 style="font-size:14px">Dear ${name},</h6><p style="Margin:0;-webkit-text-size-adjust:none;-ms-text-size-adjust:none;mso-line-height-rule:exactly;font-family:arial, ''helvetica neue'', helvetica, sans-serif;line-height:21px;color:#333333;font-size:14px">We are writing to notify you that your password has been changed successfully. We have received your request to change the password associated with your account and the change has been processed.</p><p style="Margin:0;-webkit-text-size-adjust:none;-ms-text-size-adjust:none;mso-line-height-rule:exactly;font-family:arial, ''helvetica neue'', helvetica, sans-serif;line-height:21px;color:#333333;font-size:14px"><br></p></td>
</tr><tr><td align="left" style="padding:0;Margin:0"><p style="Margin:0;-webkit-text-size-adjust:none;-ms-text-size-adjust:none;mso-line-height-rule:exactly;font-family:arial, ''helvetica neue'', helvetica, sans-serif;line-height:21px;color:#333333;font-size:14px">As always, please do not share your password with anyone and ensure that you create a strong and unique password to protect your account.</p><p style="Margin:0;-webkit-text-size-adjust:none;-ms-text-size-adjust:none;mso-line-height-rule:exactly;font-family:arial, ''helvetica neue'', helvetica, sans-serif;line-height:21px;color:#333333;font-size:14px"><br></p><p style="Margin:0;-webkit-text-size-adjust:none;-ms-text-size-adjust:none;mso-line-height-rule:exactly;font-family:arial, ''helvetica neue'', helvetica, sans-serif;line-height:21px;color:#333333;font-size:14px">Thank you for using our services.</p>
<p style="Margin:0;-webkit-text-size-adjust:none;-ms-text-size-adjust:none;mso-line-height-rule:exactly;font-family:arial, ''helvetica neue'', helvetica, sans-serif;line-height:17px;color:#333333;font-size:14px"><br><br>Best Regards,<br><br>Online Marketplace</p></td></tr></table></td></tr></table></td>
</tr><tr><td align="left" style="padding:0;Margin:0;padding-top:20px;padding-left:20px;padding-right:20px"><table cellpadding="0" cellspacing="0" width="100%" style="mso-table-lspace:0pt;mso-table-rspace:0pt;border-collapse:collapse;border-spacing:0px"><tr><td align="center" valign="top" style="padding:0;Margin:0;width:560px"><table cellpadding="0" cellspacing="0" width="100%" bgcolor="#333333" style="mso-table-lspace:0pt;mso-table-rspace:0pt;border-collapse:collapse;border-spacing:0px;background-color:#333333" role="presentation"><tr><td align="left" style="padding:15px;Margin:0"><p style="Margin:0;-webkit-text-size-adjust:none;-ms-text-size-adjust:none;mso-line-height-rule:exactly;font-family:arial, ''helvetica neue'', helvetica, sans-serif;line-height:21px;color:#ffffff;font-size:14px"><br></p></td></tr></table></td></tr></table></td></tr></table></td></tr></table></td></tr></table></div></body></html>
'),
       (4, 'prabeensoti@gmail.com', 'ACCOUNT_APPROVE_NOTIFICATION', 'Account Approve Notification', '<!DOCTYPE html PUBLIC "-//W3C//DTD XHTML 1.0 Transitional//EN" "http://www.w3.org/TR/xhtml1/DTD/xhtml1-transitional.dtd"><html xmlns="http://www.w3.org/1999/xhtml" xmlns:o="urn:schemas-microsoft-com:office:office" style="font-family:arial, ''helvetica neue'', helvetica, sans-serif"><head><meta charset="UTF-8"><meta content="width=device-width, initial-scale=1" name="viewport"><meta name="x-apple-disable-message-reformatting"><meta http-equiv="X-UA-Compatible" content="IE=edge"><meta content="telephone=no" name="format-detection"><title>Account Approve Notification</title><!--[if (mso 16)]><style type="text/css">     a {text-decoration: none;}     </style><![endif]--><!--[if gte mso 9]><style>sup { font-size: 100% !important; }</style><![endif]--><!--[if gte mso 9]><xml> <o:OfficeDocumentSettings> <o:AllowPNG></o:AllowPNG> <o:PixelsPerInch>96</o:PixelsPerInch> </o:OfficeDocumentSettings> </xml><![endif]--><style type="text/css">#outlook a {	padding:0;}.es-button {	mso-style-priority:100!important;	text-decoration:none!important;}a[x-apple-data-detectors] {	color:inherit!important;	text-decoration:none!important;	font-size:inherit!important;	font-family:inherit!important;	font-weight:inherit!important;	line-height:inherit!important;}.es-desk-hidden {	display:none;	float:left;	overflow:hidden;	width:0;	max-height:0;	line-height:0;	mso-hide:all;}@media only screen and (max-width:600px) {p, ul li, ol li, a { line-height:150%!important } h1, h2, h3, h1 a, h2 a, h3 a { line-height:120% } h1 { font-size:30px!important; text-align:left } h2 { font-size:24px!important; text-align:left } h3 { font-size:20px!important; text-align:left } .es-header-body h1 a, .es-content-body h1 a, .es-footer-body h1 a { font-size:30px!important; text-align:left } .es-header-body h2 a, .es-content-body h2 a, .es-footer-body h2 a { font-size:24px!important; text-align:left } .es-header-body h3 a, .es-content-body h3 a, .es-footer-body h3 a { font-size:20px!important; text-align:left } .es-menu td a { font-size:14px!important } .es-header-body p, .es-header-body ul li, .es-header-body ol li, .es-header-body a { font-size:14px!important } .es-content-body p, .es-content-body ul li, .es-content-body ol li, .es-content-body a { font-size:14px!important } .es-footer-body p, .es-footer-body ul li, .es-footer-body ol li, .es-footer-body a { font-size:14px!important } .es-infoblock p, .es-infoblock ul li, .es-infoblock ol li, .es-infoblock a { font-size:12px!important } *[class="gmail-fix"] { display:none!important } .es-m-txt-c, .es-m-txt-c h1, .es-m-txt-c h2, .es-m-txt-c h3 { text-align:center!important } .es-m-txt-r, .es-m-txt-r h1, .es-m-txt-r h2, .es-m-txt-r h3 { text-align:right!important } .es-m-txt-l, .es-m-txt-l h1, .es-m-txt-l h2, .es-m-txt-l h3 { text-align:left!important } .es-m-txt-r img, .es-m-txt-c img, .es-m-txt-l img { display:inline!important } .es-button-border { display:inline-block!important } a.es-button, button.es-button { font-size:18px!important; display:inline-block!important } .es-adaptive table, .es-left, .es-right { width:100%!important } .es-content table, .es-header table, .es-footer table, .es-content, .es-footer, .es-header { width:100%!important; max-width:600px!important } .es-adapt-td { display:block!important; width:100%!important } .adapt-img { width:100%!important; height:auto!important } .es-m-p0 { padding:0px!important } .es-m-p0r { padding-right:0px!important } .es-m-p0l { padding-left:0px!important } .es-m-p0t { padding-top:0px!important } .es-m-p0b { padding-bottom:0!important } .es-m-p20b { padding-bottom:20px!important } .es-mobile-hidden, .es-hidden { display:none!important } tr.es-desk-hidden, td.es-desk-hidden, table.es-desk-hidden { width:auto!important; overflow:visible!important; float:none!important; max-height:inherit!important; line-height:inherit!important } tr.es-desk-hidden { display:table-row!important } table.es-desk-hidden { display:table!important } td.es-desk-menu-hidden { display:table-cell!important } .es-menu td { width:1%!important } table.es-table-not-adapt, .esd-block-html table { width:auto!important } table.es-social { display:inline-block!important } table.es-social td { display:inline-block!important } .es-desk-hidden { display:table-row!important; width:auto!important; overflow:visible!important; max-height:inherit!important } }</style></head>
<body data-new-gr-c-s-loaded="14.1028.0" style="width:100%;font-family:arial, ''helvetica neue'', helvetica, sans-serif;-webkit-text-size-adjust:100%;-ms-text-size-adjust:100%;padding:0;Margin:0"><div class="es-wrapper-color" style="background-color:#F6F6F6"><!--[if gte mso 9]><v:background xmlns:v="urn:schemas-microsoft-com:vml" fill="t"> <v:fill type="tile" color="#f6f6f6"></v:fill> </v:background><![endif]--><table class="es-wrapper" width="100%" cellspacing="0" cellpadding="0" style="mso-table-lspace:0pt;mso-table-rspace:0pt;border-collapse:collapse;border-spacing:0px;padding:0;Margin:0;width:100%;height:100%;background-repeat:repeat;background-position:center top;background-color:#F6F6F6"><tr><td valign="top" style="padding:0;Margin:0"><table class="es-header" cellspacing="0" cellpadding="0" align="center" style="mso-table-lspace:0pt;mso-table-rspace:0pt;border-collapse:collapse;border-spacing:0px;table-layout:fixed !important;width:100%;background-color:transparent;background-repeat:repeat;background-position:center top"><tr><td align="center" style="padding:0;Margin:0"><table class="es-header-body" cellspacing="0" cellpadding="0" bgcolor="#ffffff" align="center" style="mso-table-lspace:0pt;mso-table-rspace:0pt;border-collapse:collapse;border-spacing:0px;background-color:#FFFFFF;width:600px"><tr><td align="left" style="padding:0;Margin:0;padding-top:20px;padding-left:20px;padding-right:20px"><table cellspacing="0" cellpadding="0" width="100%" style="mso-table-lspace:0pt;mso-table-rspace:0pt;border-collapse:collapse;border-spacing:0px"><tr><td class="es-m-p0r" valign="top" align="center" style="padding:0;Margin:0;width:560px"><table width="100%" cellspacing="0" cellpadding="0" role="presentation" style="mso-table-lspace:0pt;mso-table-rspace:0pt;border-collapse:collapse;border-spacing:0px"><tr><td align="center" bgcolor="#333333" style="padding:10px;Margin:0"><p style="Margin:0;-webkit-text-size-adjust:none;-ms-text-size-adjust:none;mso-line-height-rule:exactly;font-family:''comic sans ms'', ''marker felt-thin'', arial, sans-serif;line-height:45px;color:#ffffff;font-size:30px"><strong>Online Marketplace</strong></p>
</td></tr><tr><td align="left" style="padding:0;Margin:0"><h6 style="font-size:14px">Dear ${name},</h6><p style="Margin:0;-webkit-text-size-adjust:none;-ms-text-size-adjust:none;mso-line-height-rule:exactly;font-family:arial, ''helvetica neue'', helvetica, sans-serif;line-height:21px;color:#333333;font-size:14px">We are pleased to inform you that your account with Online Marketplace has been approved. You can now access your account and start using our services.</p><p style="Margin:0;-webkit-text-size-adjust:none;-ms-text-size-adjust:none;mso-line-height-rule:exactly;font-family:arial, ''helvetica neue'', helvetica, sans-serif;line-height:21px;color:#333333;font-size:14px"><br></p>
<p style="Margin:0;-webkit-text-size-adjust:none;-ms-text-size-adjust:none;mso-line-height-rule:exactly;font-family:arial, ''helvetica neue'', helvetica, sans-serif;line-height:21px;color:#333333;font-size:14px">We want to thank you for choosing to do business with us and we look forward to serving you. If you have any questions or concerns regarding your account or our services, please do not hesitate to contact us. Our support team is always ready to assist you.</p><p style="Margin:0;-webkit-text-size-adjust:none;-ms-text-size-adjust:none;mso-line-height-rule:exactly;font-family:arial, ''helvetica neue'', helvetica, sans-serif;line-height:21px;color:#333333;font-size:14px"><br></p></td>
</tr><tr><td align="left" style="padding:0;Margin:0"><p style="Margin:0;-webkit-text-size-adjust:none;-ms-text-size-adjust:none;mso-line-height-rule:exactly;font-family:arial, ''helvetica neue'', helvetica, sans-serif;line-height:21px;color:#333333;font-size:14px">Please note that by using our services, you agree to abide by our terms and conditions. We reserve the right to terminate or suspend your account at any time, without notice, if we determine that you have violated our terms of service.</p><p style="Margin:0;-webkit-text-size-adjust:none;-ms-text-size-adjust:none;mso-line-height-rule:exactly;font-family:arial, ''helvetica neue'', helvetica, sans-serif;line-height:21px;color:#333333;font-size:14px"><br></p>
<p style="Margin:0;-webkit-text-size-adjust:none;-ms-text-size-adjust:none;mso-line-height-rule:exactly;font-family:arial, ''helvetica neue'', helvetica, sans-serif;line-height:21px;color:#333333;font-size:14px">Thank you once again for choosing Online Marketplace. We appreciate your business and we look forward to a long and successful relationship with you.</p><p style="Margin:0;-webkit-text-size-adjust:none;-ms-text-size-adjust:none;mso-line-height-rule:exactly;font-family:arial, ''helvetica neue'', helvetica, sans-serif;line-height:21px;color:#333333;font-size:14px"><br>Best Regards,<br><br>Online Marketplace</p></td></tr></table></td></tr></table></td>
</tr><tr><td align="left" style="padding:0;Margin:0;padding-top:20px;padding-left:20px;padding-right:20px"><table cellpadding="0" cellspacing="0" width="100%" style="mso-table-lspace:0pt;mso-table-rspace:0pt;border-collapse:collapse;border-spacing:0px"><tr><td align="center" valign="top" style="padding:0;Margin:0;width:560px"><table cellpadding="0" cellspacing="0" width="100%" bgcolor="#333333" style="mso-table-lspace:0pt;mso-table-rspace:0pt;border-collapse:collapse;border-spacing:0px;background-color:#333333" role="presentation"><tr><td align="left" style="padding:15px;Margin:0"><p style="Margin:0;-webkit-text-size-adjust:none;-ms-text-size-adjust:none;mso-line-height-rule:exactly;font-family:arial, ''helvetica neue'', helvetica, sans-serif;line-height:21px;color:#ffffff;font-size:14px"><br></p></td></tr></table></td></tr></table></td></tr></table></td></tr></table></td></tr></table></div></body></html>
'),
       (5, 'prabeensoti@gmail.com', 'ACCOUNT_SUSPEND_NOTIFICATION', 'Account Suspend Notification', '<!DOCTYPE html PUBLIC "-//W3C//DTD XHTML 1.0 Transitional//EN" "http://www.w3.org/TR/xhtml1/DTD/xhtml1-transitional.dtd"><html xmlns="http://www.w3.org/1999/xhtml" xmlns:o="urn:schemas-microsoft-com:office:office" style="font-family:arial, ''helvetica neue'', helvetica, sans-serif;font-family:arial, &amp;apos;helvetica neue&amp;apos;, helvetica, sans-serif"><head><meta charset="UTF-8"><meta content="width=device-width, initial-scale=1" name="viewport"><meta name="x-apple-disable-message-reformatting"><meta http-equiv="X-UA-Compatible" content="IE=edge"><meta content="telephone=no" name="format-detection"><title>Account Approve Notification</title><!--[if (mso 16)]><style type="text/css">     a {text-decoration: none;}     </style><![endif]--><!--[if gte mso 9]><style>sup { font-size: 100% !important; }</style><![endif]--><!--[if gte mso 9]><xml><o:OfficeDocumentSettings><o:AllowPNG></o:AllowPNG><o:PixelsPerInch>96</o:PixelsPerInch></o:OfficeDocumentSettings></xml><![endif]--><style type="text/css">#outlook a {	padding:0;}.es-button {	mso-style-priority:100!important;	text-decoration:none!important;}a[x-apple-data-detectors] {	color:inherit!important;	text-decoration:none!important;	font-size:inherit!important;	font-family:inherit!important;	font-weight:inherit!important;	line-height:inherit!important;}.es-desk-hidden {	display:none;	float:left;	overflow:hidden;	width:0;	max-height:0;	line-height:0;	mso-hide:all;}@media only screen and (max-width:600px) {p, ul li, ol li, a { line-height:150%!important } h1, h2, h3, h1 a, h2 a, h3 a { line-height:120% } h1 { font-size:30px!important; text-align:left } h2 { font-size:24px!important; text-align:left } h3 { font-size:20px!important; text-align:left } .es-header-body h1 a, .es-content-body h1 a, .es-footer-body h1 a { font-size:30px!important; text-align:left } .es-header-body h2 a, .es-content-body h2 a, .es-footer-body h2 a { font-size:24px!important; text-align:left } .es-header-body h3 a, .es-content-body h3 a, .es-footer-body h3 a { font-size:20px!important; text-align:left } .es-menu td a { font-size:14px!important } .es-header-body p, .es-header-body ul li, .es-header-body ol li, .es-header-body a { font-size:14px!important } .es-content-body p, .es-content-body ul li, .es-content-body ol li, .es-content-body a { font-size:14px!important } .es-footer-body p, .es-footer-body ul li, .es-footer-body ol li, .es-footer-body a { font-size:14px!important } .es-infoblock p, .es-infoblock ul li, .es-infoblock ol li, .es-infoblock a { font-size:12px!important } *[class="gmail-fix"] { display:none!important } .es-m-txt-c, .es-m-txt-c h1, .es-m-txt-c h2, .es-m-txt-c h3 { text-align:center!important } .es-m-txt-r, .es-m-txt-r h1, .es-m-txt-r h2, .es-m-txt-r h3 { text-align:right!important } .es-m-txt-l, .es-m-txt-l h1, .es-m-txt-l h2, .es-m-txt-l h3 { text-align:left!important } .es-m-txt-r img, .es-m-txt-c img, .es-m-txt-l img { display:inline!important } .es-button-border { display:inline-block!important } a.es-button, button.es-button { font-size:18px!important; display:inline-block!important } .es-adaptive table, .es-left, .es-right { width:100%!important } .es-content table, .es-header table, .es-footer table, .es-content, .es-footer, .es-header { width:100%!important; max-width:600px!important } .es-adapt-td { display:block!important; width:100%!important } .adapt-img { width:100%!important; height:auto!important } .es-m-p0 { padding:0px!important } .es-m-p0r { padding-right:0px!important } .es-m-p0l { padding-left:0px!important } .es-m-p0t { padding-top:0px!important } .es-m-p0b { padding-bottom:0!important } .es-m-p20b { padding-bottom:20px!important } .es-mobile-hidden, .es-hidden { display:none!important } tr.es-desk-hidden, td.es-desk-hidden, table.es-desk-hidden { width:auto!important; overflow:visible!important; float:none!important; max-height:inherit!important; line-height:inherit!important } tr.es-desk-hidden { display:table-row!important } table.es-desk-hidden { display:table!important } td.es-desk-menu-hidden { display:table-cell!important } .es-menu td { width:1%!important } table.es-table-not-adapt, .esd-block-html table { width:auto!important } table.es-social { display:inline-block!important } table.es-social td { display:inline-block!important } .es-desk-hidden { display:table-row!important; width:auto!important; overflow:visible!important; max-height:inherit!important } }#outlook a {	padding:0;}.es-button {	mso-style-priority:100!important;	text-decoration:none!important;}a[x-apple-data-detectors] {	color:inherit!important;	text-decoration:none!important;	font-size:inherit!important;	font-family:inherit!important;	font-weight:inherit!important;	line-height:inherit!important;}.es-desk-hidden {	display:none;	float:left;	overflow:hidden;	width:0;	max-height:0;	line-height:0;	mso-hide:all;}.es-button-border:hover a.es-button, .es-button-border:hover button.es-button {	background:#56d66b!important;}.es-button-border:hover {	border-color:#42d159 #42d159 #42d159 #42d159!important;	background:#56d66b!important;}@media only screen and (max-width:600px) {p, ul li, ol li, a { line-height:150%!important } h1, h2, h3, h1 a, h2 a, h3 a { line-height:120% } h1 { font-size:30px!important; text-align:left } h2 { font-size:24px!important; text-align:left } h3 { font-size:20px!important; text-align:left } .es-header-body h1 a, .es-content-body h1 a, .es-footer-body h1 a { font-size:30px!important; text-align:left } .es-header-body h2 a, .es-content-body h2 a, .es-footer-body h2 a { font-size:24px!important; text-align:left } .es-header-body h3 a, .es-content-body h3 a, .es-footer-body h3 a { font-size:20px!important; text-align:left } .es-menu td a { font-size:14px!important } .es-header-body p, .es-header-body ul li, .es-header-body ol li, .es-header-body a { font-size:14px!important } .es-content-body p, .es-content-body ul li, .es-content-body ol li, .es-content-body a { font-size:14px!important } .es-footer-body p, .es-footer-body ul li, .es-footer-body ol li, .es-footer-body a { font-size:14px!important } .es-infoblock p, .es-infoblock ul li, .es-infoblock ol li, .es-infoblock a { font-size:12px!important } *[class="gmail-fix"] { display:none!important } .es-m-txt-c, .es-m-txt-c h1, .es-m-txt-c h2, .es-m-txt-c h3 { text-align:center!important } .es-m-txt-r, .es-m-txt-r h1, .es-m-txt-r h2, .es-m-txt-r h3 { text-align:right!important } .es-m-txt-l, .es-m-txt-l h1, .es-m-txt-l h2, .es-m-txt-l h3 { text-align:left!important } .es-m-txt-r img, .es-m-txt-c img, .es-m-txt-l img { display:inline!important } .es-button-border { display:inline-block!important } a.es-button, button.es-button { font-size:18px!important; display:inline-block!important } .es-adaptive table, .es-left, .es-right { width:100%!important } .es-content table, .es-header table, .es-footer table, .es-content, .es-footer, .es-header { width:100%!important; max-width:600px!important } .es-adapt-td { display:block!important; width:100%!important } .adapt-img { width:100%!important; height:auto!important } .es-m-p0 { padding:0px!important } .es-m-p0r { padding-right:0px!important } .es-m-p0l { padding-left:0px!important } .es-m-p0t { padding-top:0px!important } .es-m-p0b { padding-bottom:0!important } .es-m-p20b { padding-bottom:20px!important } .es-mobile-hidden, .es-hidden { display:none!important } tr.es-desk-hidden, td.es-desk-hidden, table.es-desk-hidden { width:auto!important; overflow:visible!important; float:none!important; max-height:inherit!important; line-height:inherit!important } tr.es-desk-hidden { display:table-row!important } table.es-desk-hidden { display:table!important } td.es-desk-menu-hidden { display:table-cell!important } .es-menu td { width:1%!important } table.es-table-not-adapt, .esd-block-html table { width:auto!important } table.es-social { display:inline-block!important } table.es-social td { display:inline-block!important } .es-desk-hidden { display:table-row!important; width:auto!important; overflow:visible!important; max-height:inherit!important } }</style></head>
<body data-new-gr-c-s-loaded="14.1028.0" style="width:100%;font-family:arial, ''helvetica neue'', helvetica, sans-serif;-webkit-text-size-adjust:100%;-ms-text-size-adjust:100%;padding:0;Margin:0"><div class="es-wrapper-color" style="background-color:#F6F6F6"><!--[if gte mso 9]><v:background xmlns:v="urn:schemas-microsoft-com:vml" fill="t"><v:fill type="tile" color="#f6f6f6"></v:fill></v:background><![endif]--><table class="es-wrapper" width="100%" cellspacing="0" cellpadding="0" style="mso-table-lspace:0pt;mso-table-rspace:0pt;border-collapse:collapse;border-spacing:0px;padding:0;Margin:0;width:100%;height:100%;background-repeat:repeat;background-position:center top;background-color:#F6F6F6"><tr><td valign="top" style="padding:0;Margin:0"><table class="es-header" cellspacing="0" cellpadding="0" align="center" style="mso-table-lspace:0pt;mso-table-rspace:0pt;border-collapse:collapse;border-spacing:0px;table-layout:fixed !important;width:100%;background-color:transparent;background-repeat:repeat;background-position:center top"><tr><td align="center" style="padding:0;Margin:0"><table class="es-header-body" cellspacing="0" cellpadding="0" bgcolor="#ffffff" align="center" style="mso-table-lspace:0pt;mso-table-rspace:0pt;border-collapse:collapse;border-spacing:0px;background-color:#FFFFFF;width:600px"><tr><td align="left" style="padding:0;Margin:0;padding-top:20px;padding-left:20px;padding-right:20px"><table cellspacing="0" cellpadding="0" width="100%" style="mso-table-lspace:0pt;mso-table-rspace:0pt;border-collapse:collapse;border-spacing:0px"><tr><td class="es-m-p0r" valign="top" align="center" style="padding:0;Margin:0;width:560px"><table width="100%" cellspacing="0" cellpadding="0" role="presentation" style="mso-table-lspace:0pt;mso-table-rspace:0pt;border-collapse:collapse;border-spacing:0px"><tr><td align="center" bgcolor="#333333" style="padding:10px;Margin:0"><p style="Margin:0;-webkit-text-size-adjust:none;-ms-text-size-adjust:none;mso-line-height-rule:exactly;font-family:''comic sans ms'', ''marker felt-thin'', arial, sans-serif;line-height:45px;color:#ffffff;font-size:30px"><strong>Online Marketplace</strong></p>
</td></tr><tr><td align="left" style="padding:0;Margin:0"><h6 style="font-size:14px"><br></h6><h6 style="font-size:14px">Dear ${name},</h6><p style="Margin:0;-webkit-text-size-adjust:none;-ms-text-size-adjust:none;mso-line-height-rule:exactly;font-family:arial, ''helvetica neue'', helvetica, sans-serif;line-height:21px;color:#333333;font-size:14px">We regret to inform you that your account with Online Marketplace has been suspended. The suspension is due to a violation of our terms of service. As a result, you will not be able to access your account or use our services until further notice.</p><p style="Margin:0;-webkit-text-size-adjust:none;-ms-text-size-adjust:none;mso-line-height-rule:exactly;font-family:arial, ''helvetica neue'', helvetica, sans-serif;line-height:21px;color:#333333;font-size:14px"><br></p>
<p style="Margin:0;-webkit-text-size-adjust:none;-ms-text-size-adjust:none;mso-line-height-rule:exactly;font-family:arial, ''helvetica neue'', helvetica, sans-serif;line-height:21px;color:#333333;font-size:14px">If you believe that this suspension has been made in error, or if you have any questions or concerns regarding your account or our services, please contact us immediately. We will investigate the matter and get back to you as soon as possible.</p><p style="Margin:0;-webkit-text-size-adjust:none;-ms-text-size-adjust:none;mso-line-height-rule:exactly;font-family:arial, ''helvetica neue'', helvetica, sans-serif;line-height:21px;color:#333333;font-size:14px"><br></p></td>
</tr><tr><td align="left" style="padding:0;Margin:0"><p style="Margin:0;-webkit-text-size-adjust:none;-ms-text-size-adjust:none;mso-line-height-rule:exactly;font-family:arial, ''helvetica neue'', helvetica, sans-serif;line-height:21px;color:#333333;font-size:14px">Please note that we take our terms of service very seriously and we expect all our users to comply with them. Failure to comply may result in the termination of your account and a permanent ban from using our services.</p><p style="Margin:0;-webkit-text-size-adjust:none;-ms-text-size-adjust:none;mso-line-height-rule:exactly;font-family:arial, ''helvetica neue'', helvetica, sans-serif;line-height:21px;color:#333333;font-size:14px"><br></p>
<p style="Margin:0;-webkit-text-size-adjust:none;-ms-text-size-adjust:none;mso-line-height-rule:exactly;font-family:arial, ''helvetica neue'', helvetica, sans-serif;line-height:21px;color:#333333;font-size:14px">Thank you for your understanding and cooperation.</p><p style="Margin:0;-webkit-text-size-adjust:none;-ms-text-size-adjust:none;mso-line-height-rule:exactly;font-family:arial, ''helvetica neue'', helvetica, sans-serif;line-height:21px;color:#333333;font-size:14px"><br>Best Regards,<br><br>Online Marketplace</p><p style="Margin:0;-webkit-text-size-adjust:none;-ms-text-size-adjust:none;mso-line-height-rule:exactly;font-family:arial, ''helvetica neue'', helvetica, sans-serif;line-height:21px;color:#333333;font-size:14px"><br></p></td></tr></table></td></tr></table></td>
</tr><tr><td align="left" style="padding:0;Margin:0;padding-top:20px;padding-left:20px;padding-right:20px"><table cellpadding="0" cellspacing="0" width="100%" style="mso-table-lspace:0pt;mso-table-rspace:0pt;border-collapse:collapse;border-spacing:0px"><tr><td align="center" valign="top" style="padding:0;Margin:0;width:560px"><table cellpadding="0" cellspacing="0" width="100%" bgcolor="#333333" style="mso-table-lspace:0pt;mso-table-rspace:0pt;border-collapse:collapse;border-spacing:0px;background-color:#333333" role="presentation"><tr><td align="left" style="padding:15px;Margin:0"><p style="Margin:0;-webkit-text-size-adjust:none;-ms-text-size-adjust:none;mso-line-height-rule:exactly;font-family:arial, ''helvetica neue'', helvetica, sans-serif;line-height:21px;color:#ffffff;font-size:14px"><br></p></td></tr></table></td></tr></table></td></tr></table></td></tr></table></td></tr></table></div></body></html>
'),
       (6, 'prabeensoti@gmail.com', 'ORDER_CONFIRMED_NOTIFICATION', 'Order Confirmed Notification', '<!DOCTYPE html PUBLIC "-//W3C//DTD XHTML 1.0 Transitional//EN" "http://www.w3.org/TR/xhtml1/DTD/xhtml1-transitional.dtd"><html xmlns="http://www.w3.org/1999/xhtml" xmlns:o="urn:schemas-microsoft-com:office:office" style="font-family:arial, ''helvetica neue'', helvetica, sans-serif"><head><meta charset="UTF-8"><meta content="width=device-width, initial-scale=1" name="viewport"><meta name="x-apple-disable-message-reformatting"><meta http-equiv="X-UA-Compatible" content="IE=edge"><meta content="telephone=no" name="format-detection"><title>Order Confirmation Message</title><!--[if (mso 16)]><style type="text/css">     a {text-decoration: none;}     </style><![endif]--><!--[if gte mso 9]><style>sup { font-size: 100% !important; }</style><![endif]--><!--[if gte mso 9]><xml> <o:OfficeDocumentSettings> <o:AllowPNG></o:AllowPNG> <o:PixelsPerInch>96</o:PixelsPerInch> </o:OfficeDocumentSettings> </xml><![endif]--><style type="text/css">#outlook a {	padding:0;}.es-button {	mso-style-priority:100!important;	text-decoration:none!important;}a[x-apple-data-detectors] {	color:inherit!important;	text-decoration:none!important;	font-size:inherit!important;	font-family:inherit!important;	font-weight:inherit!important;	line-height:inherit!important;}.es-desk-hidden {	display:none;	float:left;	overflow:hidden;	width:0;	max-height:0;	line-height:0;	mso-hide:all;}@media only screen and (max-width:600px) {p, ul li, ol li, a { line-height:150%!important } h1, h2, h3, h1 a, h2 a, h3 a { line-height:120% } h1 { font-size:30px!important; text-align:left } h2 { font-size:24px!important; text-align:left } h3 { font-size:20px!important; text-align:left } .es-header-body h1 a, .es-content-body h1 a, .es-footer-body h1 a { font-size:30px!important; text-align:left } .es-header-body h2 a, .es-content-body h2 a, .es-footer-body h2 a { font-size:24px!important; text-align:left } .es-header-body h3 a, .es-content-body h3 a, .es-footer-body h3 a { font-size:20px!important; text-align:left } .es-menu td a { font-size:14px!important } .es-header-body p, .es-header-body ul li, .es-header-body ol li, .es-header-body a { font-size:14px!important } .es-content-body p, .es-content-body ul li, .es-content-body ol li, .es-content-body a { font-size:14px!important } .es-footer-body p, .es-footer-body ul li, .es-footer-body ol li, .es-footer-body a { font-size:14px!important } .es-infoblock p, .es-infoblock ul li, .es-infoblock ol li, .es-infoblock a { font-size:12px!important } *[class="gmail-fix"] { display:none!important } .es-m-txt-c, .es-m-txt-c h1, .es-m-txt-c h2, .es-m-txt-c h3 { text-align:center!important } .es-m-txt-r, .es-m-txt-r h1, .es-m-txt-r h2, .es-m-txt-r h3 { text-align:right!important } .es-m-txt-l, .es-m-txt-l h1, .es-m-txt-l h2, .es-m-txt-l h3 { text-align:left!important } .es-m-txt-r img, .es-m-txt-c img, .es-m-txt-l img { display:inline!important } .es-button-border { display:inline-block!important } a.es-button, button.es-button { font-size:18px!important; display:inline-block!important } .es-adaptive table, .es-left, .es-right { width:100%!important } .es-content table, .es-header table, .es-footer table, .es-content, .es-footer, .es-header { width:100%!important; max-width:600px!important } .es-adapt-td { display:block!important; width:100%!important } .adapt-img { width:100%!important; height:auto!important } .es-m-p0 { padding:0px!important } .es-m-p0r { padding-right:0px!important } .es-m-p0l { padding-left:0px!important } .es-m-p0t { padding-top:0px!important } .es-m-p0b { padding-bottom:0!important } .es-m-p20b { padding-bottom:20px!important } .es-mobile-hidden, .es-hidden { display:none!important } tr.es-desk-hidden, td.es-desk-hidden, table.es-desk-hidden { width:auto!important; overflow:visible!important; float:none!important; max-height:inherit!important; line-height:inherit!important } tr.es-desk-hidden { display:table-row!important } table.es-desk-hidden { display:table!important } td.es-desk-menu-hidden { display:table-cell!important } .es-menu td { width:1%!important } table.es-table-not-adapt, .esd-block-html table { width:auto!important } table.es-social { display:inline-block!important } table.es-social td { display:inline-block!important } .es-desk-hidden { display:table-row!important; width:auto!important; overflow:visible!important; max-height:inherit!important } }</style></head>
<body style="width:100%;font-family:arial, ''helvetica neue'', helvetica, sans-serif;-webkit-text-size-adjust:100%;-ms-text-size-adjust:100%;padding:0;Margin:0"><div class="es-wrapper-color" style="background-color:#F6F6F6"><!--[if gte mso 9]><v:background xmlns:v="urn:schemas-microsoft-com:vml" fill="t"> <v:fill type="tile" color="#f6f6f6"></v:fill> </v:background><![endif]--><table class="es-wrapper" width="100%" cellspacing="0" cellpadding="0" style="mso-table-lspace:0pt;mso-table-rspace:0pt;border-collapse:collapse;border-spacing:0px;padding:0;Margin:0;width:100%;height:100%;background-repeat:repeat;background-position:center top;background-color:#F6F6F6"><tr><td valign="top" style="padding:0;Margin:0"><table class="es-header" cellspacing="0" cellpadding="0" align="center" style="mso-table-lspace:0pt;mso-table-rspace:0pt;border-collapse:collapse;border-spacing:0px;table-layout:fixed !important;width:100%;background-color:transparent;background-repeat:repeat;background-position:center top"><tr><td align="center" style="padding:0;Margin:0"><table class="es-header-body" cellspacing="0" cellpadding="0" bgcolor="#ffffff" align="center" style="mso-table-lspace:0pt;mso-table-rspace:0pt;border-collapse:collapse;border-spacing:0px;background-color:#FFFFFF;width:600px"><tr><td align="left" style="padding:0;Margin:0;padding-top:20px;padding-left:20px;padding-right:20px"><table cellpadding="0" cellspacing="0" width="100%" style="mso-table-lspace:0pt;mso-table-rspace:0pt;border-collapse:collapse;border-spacing:0px"><tr><td align="center" valign="top" style="padding:0;Margin:0;width:560px"><table cellpadding="0" cellspacing="0" width="100%" role="presentation" style="mso-table-lspace:0pt;mso-table-rspace:0pt;border-collapse:collapse;border-spacing:0px"><tr><td align="center" bgcolor="#333333" style="padding:10px;Margin:0"><p style="Margin:0;-webkit-text-size-adjust:none;-ms-text-size-adjust:none;mso-line-height-rule:exactly;font-family:''comic sans ms'', ''marker felt-thin'', arial, sans-serif;line-height:45px;color:#ffffff;font-size:30px">Online MarketPlace</p>
</td></tr><tr><td align="left" style="padding:10px;Margin:0"><p style="Margin:0;-webkit-text-size-adjust:none;-ms-text-size-adjust:none;mso-line-height-rule:exactly;font-family:arial, ''helvetica neue'', helvetica, sans-serif;line-height:21px;color:#333333;font-size:14px"><br></p><p style="Margin:0;-webkit-text-size-adjust:none;-ms-text-size-adjust:none;mso-line-height-rule:exactly;font-family:arial, ''helvetica neue'', helvetica, sans-serif;line-height:21px;color:#333333;font-size:14px"><strong>Dear ${name},</strong></p><p style="Margin:0;-webkit-text-size-adjust:none;-ms-text-size-adjust:none;mso-line-height-rule:exactly;font-family:arial, ''helvetica neue'', helvetica, sans-serif;line-height:21px;color:#333333;font-size:14px"><br></p>
<p style="Margin:0;-webkit-text-size-adjust:none;-ms-text-size-adjust:none;mso-line-height-rule:exactly;font-family:arial, ''helvetica neue'', helvetica, sans-serif;line-height:21px;color:#333333;font-size:14px">Thank you for choosing us! We are pleased to confirm that we have received your order. Your order number :</p></td></tr><tr><td align="center" style="padding:5px;Margin:0"><p style="Margin:0;-webkit-text-size-adjust:none;-ms-text-size-adjust:none;mso-line-height-rule:exactly;font-family:arial, ''helvetica neue'', helvetica, sans-serif;line-height:24px;color:#333333;font-size:16px">${orderCode}</p></td>
</tr><tr><td align="left" style="padding:10px;Margin:0"><p style="Margin:0;-webkit-text-size-adjust:none;-ms-text-size-adjust:none;mso-line-height-rule:exactly;font-family:arial, ''helvetica neue'', helvetica, sans-serif;line-height:21px;color:#333333;font-size:14px">We would like to let you know that your order is currently being processed and we will keep you updated on its progress. We aim to dispatch your order as soon as possible.</p><p style="Margin:0;-webkit-text-size-adjust:none;-ms-text-size-adjust:none;mso-line-height-rule:exactly;font-family:arial, ''helvetica neue'', helvetica, sans-serif;line-height:21px;color:#333333;font-size:14px">Please click below the details of your order:</p></td>
</tr><tr><td align="center" style="padding:10px;Margin:0"><!--[if mso]><a href="https://ss" target="_blank" hidden> <v:roundrect xmlns:v="urn:schemas-microsoft-com:vml" xmlns:w="urn:schemas-microsoft-com:office:word" esdevVmlButton href="https://ss" style="height:39px; v-text-anchor:middle; width:134px" arcsize="50%" strokecolor="#2cb543" strokeweight="2px" fillcolor="#31cb4b"> <w:anchorlock></w:anchorlock> <center style=''color:#ffffff; font-family:arial, "helvetica neue", helvetica, sans-serif; font-size:14px; font-weight:400; line-height:14px; mso-text-raise:1px''>View Order</center> </v:roundrect></a><![endif]--><!--[if !mso]><!-- --><span class="msohide es-button-border" style="border-style:solid;border-color:#2CB543;background:#2CB543;border-width:0px 0px 2px 0px;display:inline-block;border-radius:30px;width:auto;mso-border-alt:10px;mso-hide:all"><a href="${orderUrl}" class="es-button" target="_blank" style="mso-style-priority:100 !important;text-decoration:none;-webkit-text-size-adjust:none;-ms-text-size-adjust:none;mso-line-height-rule:exactly;color:#FFFFFF;font-size:18px;padding:10px 20px 10px 20px;display:inline-block;background:#31CB4B;border-radius:30px;font-family:arial, ''helvetica neue'', helvetica, sans-serif;font-weight:normal;font-style:normal;line-height:22px;width:auto;text-align:center">View Order</a></span><!--<![endif]--></td>
</tr><tr><td align="left" style="padding:10px;Margin:0"><p style="Margin:0;-webkit-text-size-adjust:none;-ms-text-size-adjust:none;mso-line-height-rule:exactly;font-family:arial, ''helvetica neue'', helvetica, sans-serif;line-height:21px;color:#333333;font-size:14px">Best regards,</p><p style="Margin:0;-webkit-text-size-adjust:none;-ms-text-size-adjust:none;mso-line-height-rule:exactly;font-family:arial, ''helvetica neue'', helvetica, sans-serif;line-height:21px;color:#333333;font-size:14px"><br></p><p style="Margin:0;-webkit-text-size-adjust:none;-ms-text-size-adjust:none;mso-line-height-rule:exactly;font-family:arial, ''helvetica neue'', helvetica, sans-serif;line-height:21px;color:#333333;font-size:14px">Online MarketPlace</p></td>
</tr><tr><td align="left" bgcolor="#333333" style="padding:10px;Margin:0"><p style="Margin:0;-webkit-text-size-adjust:none;-ms-text-size-adjust:none;mso-line-height-rule:exactly;font-family:arial, ''helvetica neue'', helvetica, sans-serif;line-height:21px;color:#333333;font-size:14px"><br></p></td></tr></table></td></tr></table></td></tr></table></td></tr></table></td></tr></table></div></body></html>
'),
       (7, 'prabeensoti@gmail.com', 'ORDER_CANCELED_NOTIFICATION', 'Order Canceled Notification', '<!DOCTYPE html PUBLIC "-//W3C//DTD XHTML 1.0 Transitional//EN" "http://www.w3.org/TR/xhtml1/DTD/xhtml1-transitional.dtd"><html xmlns="http://www.w3.org/1999/xhtml" xmlns:o="urn:schemas-microsoft-com:office:office" style="font-family:arial, ''helvetica neue'', helvetica, sans-serif"><head><meta charset="UTF-8"><meta content="width=device-width, initial-scale=1" name="viewport"><meta name="x-apple-disable-message-reformatting"><meta http-equiv="X-UA-Compatible" content="IE=edge"><meta content="telephone=no" name="format-detection"><title>Order Canceled Message</title><!--[if (mso 16)]><style type="text/css">     a {text-decoration: none;}     </style><![endif]--><!--[if gte mso 9]><style>sup { font-size: 100% !important; }</style><![endif]--><!--[if gte mso 9]><xml> <o:OfficeDocumentSettings> <o:AllowPNG></o:AllowPNG> <o:PixelsPerInch>96</o:PixelsPerInch> </o:OfficeDocumentSettings> </xml><![endif]--><style type="text/css">#outlook a {	padding:0;}.es-button {	mso-style-priority:100!important;	text-decoration:none!important;}a[x-apple-data-detectors] {	color:inherit!important;	text-decoration:none!important;	font-size:inherit!important;	font-family:inherit!important;	font-weight:inherit!important;	line-height:inherit!important;}.es-desk-hidden {	display:none;	float:left;	overflow:hidden;	width:0;	max-height:0;	line-height:0;	mso-hide:all;}@media only screen and (max-width:600px) {p, ul li, ol li, a { line-height:150%!important } h1, h2, h3, h1 a, h2 a, h3 a { line-height:120% } h1 { font-size:30px!important; text-align:left } h2 { font-size:24px!important; text-align:left } h3 { font-size:20px!important; text-align:left } .es-header-body h1 a, .es-content-body h1 a, .es-footer-body h1 a { font-size:30px!important; text-align:left } .es-header-body h2 a, .es-content-body h2 a, .es-footer-body h2 a { font-size:24px!important; text-align:left } .es-header-body h3 a, .es-content-body h3 a, .es-footer-body h3 a { font-size:20px!important; text-align:left } .es-menu td a { font-size:14px!important } .es-header-body p, .es-header-body ul li, .es-header-body ol li, .es-header-body a { font-size:14px!important } .es-content-body p, .es-content-body ul li, .es-content-body ol li, .es-content-body a { font-size:14px!important } .es-footer-body p, .es-footer-body ul li, .es-footer-body ol li, .es-footer-body a { font-size:14px!important } .es-infoblock p, .es-infoblock ul li, .es-infoblock ol li, .es-infoblock a { font-size:12px!important } *[class="gmail-fix"] { display:none!important } .es-m-txt-c, .es-m-txt-c h1, .es-m-txt-c h2, .es-m-txt-c h3 { text-align:center!important } .es-m-txt-r, .es-m-txt-r h1, .es-m-txt-r h2, .es-m-txt-r h3 { text-align:right!important } .es-m-txt-l, .es-m-txt-l h1, .es-m-txt-l h2, .es-m-txt-l h3 { text-align:left!important } .es-m-txt-r img, .es-m-txt-c img, .es-m-txt-l img { display:inline!important } .es-button-border { display:inline-block!important } a.es-button, button.es-button { font-size:18px!important; display:inline-block!important } .es-adaptive table, .es-left, .es-right { width:100%!important } .es-content table, .es-header table, .es-footer table, .es-content, .es-footer, .es-header { width:100%!important; max-width:600px!important } .es-adapt-td { display:block!important; width:100%!important } .adapt-img { width:100%!important; height:auto!important } .es-m-p0 { padding:0px!important } .es-m-p0r { padding-right:0px!important } .es-m-p0l { padding-left:0px!important } .es-m-p0t { padding-top:0px!important } .es-m-p0b { padding-bottom:0!important } .es-m-p20b { padding-bottom:20px!important } .es-mobile-hidden, .es-hidden { display:none!important } tr.es-desk-hidden, td.es-desk-hidden, table.es-desk-hidden { width:auto!important; overflow:visible!important; float:none!important; max-height:inherit!important; line-height:inherit!important } tr.es-desk-hidden { display:table-row!important } table.es-desk-hidden { display:table!important } td.es-desk-menu-hidden { display:table-cell!important } .es-menu td { width:1%!important } table.es-table-not-adapt, .esd-block-html table { width:auto!important } table.es-social { display:inline-block!important } table.es-social td { display:inline-block!important } .es-desk-hidden { display:table-row!important; width:auto!important; overflow:visible!important; max-height:inherit!important } }</style></head>
<body style="width:100%;font-family:arial, ''helvetica neue'', helvetica, sans-serif;-webkit-text-size-adjust:100%;-ms-text-size-adjust:100%;padding:0;Margin:0"><div class="es-wrapper-color" style="background-color:#F6F6F6"><!--[if gte mso 9]><v:background xmlns:v="urn:schemas-microsoft-com:vml" fill="t"> <v:fill type="tile" color="#f6f6f6"></v:fill> </v:background><![endif]--><table class="es-wrapper" width="100%" cellspacing="0" cellpadding="0" style="mso-table-lspace:0pt;mso-table-rspace:0pt;border-collapse:collapse;border-spacing:0px;padding:0;Margin:0;width:100%;height:100%;background-repeat:repeat;background-position:center top;background-color:#F6F6F6"><tr><td valign="top" style="padding:0;Margin:0"><table class="es-header" cellspacing="0" cellpadding="0" align="center" style="mso-table-lspace:0pt;mso-table-rspace:0pt;border-collapse:collapse;border-spacing:0px;table-layout:fixed !important;width:100%;background-color:transparent;background-repeat:repeat;background-position:center top"><tr><td align="center" style="padding:0;Margin:0"><table class="es-header-body" cellspacing="0" cellpadding="0" bgcolor="#ffffff" align="center" style="mso-table-lspace:0pt;mso-table-rspace:0pt;border-collapse:collapse;border-spacing:0px;background-color:#FFFFFF;width:600px"><tr><td align="left" style="padding:20px;Margin:0"><table cellpadding="0" cellspacing="0" width="100%" style="mso-table-lspace:0pt;mso-table-rspace:0pt;border-collapse:collapse;border-spacing:0px"><tr><td align="center" valign="top" style="padding:0;Margin:0;width:560px"><table cellpadding="0" cellspacing="0" width="100%" role="presentation" style="mso-table-lspace:0pt;mso-table-rspace:0pt;border-collapse:collapse;border-spacing:0px"><tr><td align="center" bgcolor="#333333" style="padding:10px;Margin:0"><p style="Margin:0;-webkit-text-size-adjust:none;-ms-text-size-adjust:none;mso-line-height-rule:exactly;font-family:''comic sans ms'', ''marker felt-thin'', arial, sans-serif;line-height:45px;color:#ffffff;font-size:30px">Online MarketPlace</p>
</td></tr><tr><td align="left" style="padding:10px;Margin:0"><p style="Margin:0;-webkit-text-size-adjust:none;-ms-text-size-adjust:none;mso-line-height-rule:exactly;font-family:arial, ''helvetica neue'', helvetica, sans-serif;line-height:21px;color:#333333;font-size:14px"></p><p style="Margin:0;-webkit-text-size-adjust:none;-ms-text-size-adjust:none;mso-line-height-rule:exactly;font-family:arial, ''helvetica neue'', helvetica, sans-serif;line-height:21px;color:#333333;font-size:14px"><strong>Dear ${name},</strong></p><p style="Margin:0;-webkit-text-size-adjust:none;-ms-text-size-adjust:none;mso-line-height-rule:exactly;font-family:arial, ''helvetica neue'', helvetica, sans-serif;line-height:21px;color:#333333;font-size:14px"><br></p>
<p style="Margin:0;-webkit-text-size-adjust:none;-ms-text-size-adjust:none;mso-line-height-rule:exactly;font-family:arial, ''helvetica neue'', helvetica, sans-serif;line-height:21px;color:#333333;font-size:14px">We regret to inform you that your order with order number <strong>${orderCode}</strong> has been canceled. We apologize for any inconvenience this may have caused.</p></td></tr><tr><td align="left" style="padding:10px;Margin:0"><p style="Margin:0;-webkit-text-size-adjust:none;-ms-text-size-adjust:none;mso-line-height-rule:exactly;font-family:arial, ''helvetica neue'', helvetica, sans-serif;line-height:21px;color:#333333;font-size:14px">We have processed a full refund for your order, and you should see the funds credited to your account in the next 5&nbsp;working days. If you do not receive your refund within this timeframe, please do not hesitate to contact our customer service.</p>
<p style="Margin:0;-webkit-text-size-adjust:none;-ms-text-size-adjust:none;mso-line-height-rule:exactly;font-family:arial, ''helvetica neue'', helvetica, sans-serif;line-height:21px;color:#333333;font-size:14px"><br></p><p style="Margin:0;-webkit-text-size-adjust:none;-ms-text-size-adjust:none;mso-line-height-rule:exactly;font-family:arial, ''helvetica neue'', helvetica, sans-serif;line-height:21px;color:#333333;font-size:14px">We appreciate your understanding in this matter and hope that we can assist you with your future orders.<br></p></td></tr><tr><td align="left" style="padding:10px;Margin:0"><p style="Margin:0;-webkit-text-size-adjust:none;-ms-text-size-adjust:none;mso-line-height-rule:exactly;font-family:arial, ''helvetica neue'', helvetica, sans-serif;line-height:21px;color:#333333;font-size:14px">Best regards,</p>
<p style="Margin:0;-webkit-text-size-adjust:none;-ms-text-size-adjust:none;mso-line-height-rule:exactly;font-family:arial, ''helvetica neue'', helvetica, sans-serif;line-height:21px;color:#333333;font-size:14px"><br></p><p style="Margin:0;-webkit-text-size-adjust:none;-ms-text-size-adjust:none;mso-line-height-rule:exactly;font-family:arial, ''helvetica neue'', helvetica, sans-serif;line-height:21px;color:#333333;font-size:14px">Online MarketPlace</p></td></tr><tr><td align="left" bgcolor="#333333" style="padding:10px;Margin:0"><p style="Margin:0;-webkit-text-size-adjust:none;-ms-text-size-adjust:none;mso-line-height-rule:exactly;font-family:arial, ''helvetica neue'', helvetica, sans-serif;line-height:21px;color:#333333;font-size:14px"><br></p></td></tr></table></td></tr></table></td></tr></table></td></tr></table></td></tr></table></div></body></html>
'),
       (8, 'prabeensoti@gmail.com', 'ORDER_SHIPPED_NOTIFICATION', 'Order Shipped Notification', '<!DOCTYPE html PUBLIC "-//W3C//DTD XHTML 1.0 Transitional//EN" "http://www.w3.org/TR/xhtml1/DTD/xhtml1-transitional.dtd"><html xmlns="http://www.w3.org/1999/xhtml" xmlns:o="urn:schemas-microsoft-com:office:office" style="font-family:arial, ''helvetica neue'', helvetica, sans-serif"><head><meta charset="UTF-8"><meta content="width=device-width, initial-scale=1" name="viewport"><meta name="x-apple-disable-message-reformatting"><meta http-equiv="X-UA-Compatible" content="IE=edge"><meta content="telephone=no" name="format-detection"><title>Order Shipped Message</title><!--[if (mso 16)]><style type="text/css">     a {text-decoration: none;}     </style><![endif]--><!--[if gte mso 9]><style>sup { font-size: 100% !important; }</style><![endif]--><!--[if gte mso 9]><xml> <o:OfficeDocumentSettings> <o:AllowPNG></o:AllowPNG> <o:PixelsPerInch>96</o:PixelsPerInch> </o:OfficeDocumentSettings> </xml><![endif]--><style type="text/css">#outlook a {	padding:0;}.es-button {	mso-style-priority:100!important;	text-decoration:none!important;}a[x-apple-data-detectors] {	color:inherit!important;	text-decoration:none!important;	font-size:inherit!important;	font-family:inherit!important;	font-weight:inherit!important;	line-height:inherit!important;}.es-desk-hidden {	display:none;	float:left;	overflow:hidden;	width:0;	max-height:0;	line-height:0;	mso-hide:all;}.es-button-border:hover a.es-button, .es-button-border:hover button.es-button {	background:#56d66b!important;}.es-button-border:hover {	border-color:#42d159 #42d159 #42d159 #42d159!important;	background:#56d66b!important;}@media only screen and (max-width:600px) {p, ul li, ol li, a { line-height:150%!important } h1, h2, h3, h1 a, h2 a, h3 a { line-height:120% } h1 { font-size:30px!important; text-align:left } h2 { font-size:24px!important; text-align:left } h3 { font-size:20px!important; text-align:left } .es-header-body h1 a, .es-content-body h1 a, .es-footer-body h1 a { font-size:30px!important; text-align:left } .es-header-body h2 a, .es-content-body h2 a, .es-footer-body h2 a { font-size:24px!important; text-align:left } .es-header-body h3 a, .es-content-body h3 a, .es-footer-body h3 a { font-size:20px!important; text-align:left } .es-menu td a { font-size:14px!important } .es-header-body p, .es-header-body ul li, .es-header-body ol li, .es-header-body a { font-size:14px!important } .es-content-body p, .es-content-body ul li, .es-content-body ol li, .es-content-body a { font-size:14px!important } .es-footer-body p, .es-footer-body ul li, .es-footer-body ol li, .es-footer-body a { font-size:14px!important } .es-infoblock p, .es-infoblock ul li, .es-infoblock ol li, .es-infoblock a { font-size:12px!important } *[class="gmail-fix"] { display:none!important } .es-m-txt-c, .es-m-txt-c h1, .es-m-txt-c h2, .es-m-txt-c h3 { text-align:center!important } .es-m-txt-r, .es-m-txt-r h1, .es-m-txt-r h2, .es-m-txt-r h3 { text-align:right!important } .es-m-txt-l, .es-m-txt-l h1, .es-m-txt-l h2, .es-m-txt-l h3 { text-align:left!important } .es-m-txt-r img, .es-m-txt-c img, .es-m-txt-l img { display:inline!important } .es-button-border { display:inline-block!important } a.es-button, button.es-button { font-size:18px!important; display:inline-block!important } .es-adaptive table, .es-left, .es-right { width:100%!important } .es-content table, .es-header table, .es-footer table, .es-content, .es-footer, .es-header { width:100%!important; max-width:600px!important } .es-adapt-td { display:block!important; width:100%!important } .adapt-img { width:100%!important; height:auto!important } .es-m-p0 { padding:0px!important } .es-m-p0r { padding-right:0px!important } .es-m-p0l { padding-left:0px!important } .es-m-p0t { padding-top:0px!important } .es-m-p0b { padding-bottom:0!important } .es-m-p20b { padding-bottom:20px!important } .es-mobile-hidden, .es-hidden { display:none!important } tr.es-desk-hidden, td.es-desk-hidden, table.es-desk-hidden { width:auto!important; overflow:visible!important; float:none!important; max-height:inherit!important; line-height:inherit!important } tr.es-desk-hidden { display:table-row!important } table.es-desk-hidden { display:table!important } td.es-desk-menu-hidden { display:table-cell!important } .es-menu td { width:1%!important } table.es-table-not-adapt, .esd-block-html table { width:auto!important } table.es-social { display:inline-block!important } table.es-social td { display:inline-block!important } .es-desk-hidden { display:table-row!important; width:auto!important; overflow:visible!important; max-height:inherit!important } }</style></head>
<body data-new-gr-c-s-loaded="14.1028.0" style="width:100%;font-family:arial, ''helvetica neue'', helvetica, sans-serif;-webkit-text-size-adjust:100%;-ms-text-size-adjust:100%;padding:0;Margin:0"><div class="es-wrapper-color" style="background-color:#F6F6F6"><!--[if gte mso 9]><v:background xmlns:v="urn:schemas-microsoft-com:vml" fill="t"> <v:fill type="tile" color="#f6f6f6"></v:fill> </v:background><![endif]--><table class="es-wrapper" width="100%" cellspacing="0" cellpadding="0" style="mso-table-lspace:0pt;mso-table-rspace:0pt;border-collapse:collapse;border-spacing:0px;padding:0;Margin:0;width:100%;height:100%;background-repeat:repeat;background-position:center top;background-color:#F6F6F6"><tr><td valign="top" style="padding:0;Margin:0"><table class="es-header" cellspacing="0" cellpadding="0" align="center" style="mso-table-lspace:0pt;mso-table-rspace:0pt;border-collapse:collapse;border-spacing:0px;table-layout:fixed !important;width:100%;background-color:transparent;background-repeat:repeat;background-position:center top"><tr><td align="center" style="padding:0;Margin:0"><table class="es-header-body" cellspacing="0" cellpadding="0" bgcolor="#ffffff" align="center" style="mso-table-lspace:0pt;mso-table-rspace:0pt;border-collapse:collapse;border-spacing:0px;background-color:#FFFFFF;width:600px"><tr><td align="left" style="padding:0;Margin:0;padding-top:20px;padding-left:20px;padding-right:20px"><table cellspacing="0" cellpadding="0" width="100%" style="mso-table-lspace:0pt;mso-table-rspace:0pt;border-collapse:collapse;border-spacing:0px"><tr><td class="es-m-p0r" valign="top" align="center" style="padding:0;Margin:0;width:560px"><table width="100%" cellspacing="0" cellpadding="0" role="presentation" style="mso-table-lspace:0pt;mso-table-rspace:0pt;border-collapse:collapse;border-spacing:0px"><tr><td align="center" bgcolor="#333333" style="padding:10px;Margin:0"><p style="Margin:0;-webkit-text-size-adjust:none;-ms-text-size-adjust:none;mso-line-height-rule:exactly;font-family:''comic sans ms'', ''marker felt-thin'', arial, sans-serif;line-height:45px;color:#ffffff;font-size:30px"><strong>Online Marketplace</strong></p>
</td></tr><tr><td align="left" style="padding:0;Margin:0"><h6 style="font-size:14px">Dear ${name},</h6><p style="Margin:0;-webkit-text-size-adjust:none;-ms-text-size-adjust:none;mso-line-height-rule:exactly;font-family:arial, ''helvetica neue'', helvetica, sans-serif;line-height:21px;color:#333333;font-size:14px">We are pleased to inform you that your order with order number <strong>${orderCode}</strong> has been shipped and is now on its way to you! We hope that you are as excited as we are for your order to arrive.</p></td></tr><tr><td align="left" style="padding:0;Margin:0"><p style="Margin:0;-webkit-text-size-adjust:none;-ms-text-size-adjust:none;mso-line-height-rule:exactly;font-family:arial, ''helvetica neue'', helvetica, sans-serif;line-height:21px;color:#333333;font-size:14px">You can also click on the following link to check you order:</p></td>
</tr><tr><td align="center" style="padding:10px;Margin:0"><!--[if mso]><a href="${orderUrl}" target="_blank" hidden> <v:roundrect xmlns:v="urn:schemas-microsoft-com:vml" xmlns:w="urn:schemas-microsoft-com:office:word" esdevVmlButton href="${orderUrl}" style="height:41px; v-text-anchor:middle; width:88px" arcsize="50%" stroke="f" fillcolor="#31cb4b"> <w:anchorlock></w:anchorlock> <center style=''color:#ffffff; font-family:arial, "helvetica neue", helvetica, sans-serif; font-size:15px; font-weight:400; line-height:15px; mso-text-raise:1px''>View Order</center> </v:roundrect></a><![endif]--><!--[if !mso]><!-- --><span class="msohide es-button-border" style="border-style:solid;border-color:#2CB543;background:#31cb4b;border-width:0px 0px 2px 0px;display:inline-block;border-radius:30px;width:auto;mso-border-alt:10px;mso-hide:all;border-bottom-width:0px"><a href="${orderUrl}" class="es-button" target="_blank" style="mso-style-priority:100 !important;text-decoration:none;-webkit-text-size-adjust:none;-ms-text-size-adjust:none;mso-line-height-rule:exactly;color:#FFFFFF;font-size:18px;display:inline-block;background:#31CB4B;border-radius:30px;font-family:arial, ''helvetica neue'', helvetica, sans-serif;font-weight:normal;font-style:normal;line-height:22px;width:auto;text-align:center;padding:10px 20px 10px 20px">View Order</a></span><!--<![endif]--></td>
</tr><tr><td align="left" style="padding:0;Margin:0"><p style="Margin:0;-webkit-text-size-adjust:none;-ms-text-size-adjust:none;mso-line-height-rule:exactly;font-family:arial, ''helvetica neue'', helvetica, sans-serif;line-height:17px;color:#333333;font-size:14px">We hope that you enjoy your purchase and thank you again for choosing us.<br>Thank you,<br><br>Online Marketplace</p></td></tr></table></td></tr></table></td>
</tr><tr><td align="left" style="padding:0;Margin:0;padding-top:20px;padding-left:20px;padding-right:20px"><table cellpadding="0" cellspacing="0" width="100%" style="mso-table-lspace:0pt;mso-table-rspace:0pt;border-collapse:collapse;border-spacing:0px"><tr><td align="center" valign="top" style="padding:0;Margin:0;width:560px"><table cellpadding="0" cellspacing="0" width="100%" bgcolor="#333333" style="mso-table-lspace:0pt;mso-table-rspace:0pt;border-collapse:collapse;border-spacing:0px;background-color:#333333" role="presentation"><tr><td align="left" style="padding:15px;Margin:0"><p style="Margin:0;-webkit-text-size-adjust:none;-ms-text-size-adjust:none;mso-line-height-rule:exactly;font-family:arial, ''helvetica neue'', helvetica, sans-serif;line-height:21px;color:#ffffff;font-size:14px"><br></p></td></tr></table></td></tr></table></td></tr></table></td></tr></table></td></tr></table></div></body></html>
'),
       (9, 'prabeensoti@gmail.com', 'ORDER_DELIVERED_NOTIFICATION', 'Order Delivered Notification', '<!DOCTYPE html PUBLIC "-//W3C//DTD XHTML 1.0 Transitional//EN" "http://www.w3.org/TR/xhtml1/DTD/xhtml1-transitional.dtd"><html xmlns="http://www.w3.org/1999/xhtml" xmlns:o="urn:schemas-microsoft-com:office:office" style="font-family:arial, ''helvetica neue'', helvetica, sans-serif"><head><meta charset="UTF-8"><meta content="width=device-width, initial-scale=1" name="viewport"><meta name="x-apple-disable-message-reformatting"><meta http-equiv="X-UA-Compatible" content="IE=edge"><meta content="telephone=no" name="format-detection"><title>Order Delivered Message</title><!--[if (mso 16)]><style type="text/css">     a {text-decoration: none;}     </style><![endif]--><!--[if gte mso 9]><style>sup { font-size: 100% !important; }</style><![endif]--><!--[if gte mso 9]><xml> <o:OfficeDocumentSettings> <o:AllowPNG></o:AllowPNG> <o:PixelsPerInch>96</o:PixelsPerInch> </o:OfficeDocumentSettings> </xml><![endif]--><style type="text/css">#outlook a {	padding:0;}.es-button {	mso-style-priority:100!important;	text-decoration:none!important;}a[x-apple-data-detectors] {	color:inherit!important;	text-decoration:none!important;	font-size:inherit!important;	font-family:inherit!important;	font-weight:inherit!important;	line-height:inherit!important;}.es-desk-hidden {	display:none;	float:left;	overflow:hidden;	width:0;	max-height:0;	line-height:0;	mso-hide:all;}.es-button-border:hover a.es-button, .es-button-border:hover button.es-button {	background:#56d66b!important;}.es-button-border:hover {	border-color:#42d159 #42d159 #42d159 #42d159!important;	background:#56d66b!important;}@media only screen and (max-width:600px) {p, ul li, ol li, a { line-height:150%!important } h1, h2, h3, h1 a, h2 a, h3 a { line-height:120% } h1 { font-size:30px!important; text-align:left } h2 { font-size:24px!important; text-align:left } h3 { font-size:20px!important; text-align:left } .es-header-body h1 a, .es-content-body h1 a, .es-footer-body h1 a { font-size:30px!important; text-align:left } .es-header-body h2 a, .es-content-body h2 a, .es-footer-body h2 a { font-size:24px!important; text-align:left } .es-header-body h3 a, .es-content-body h3 a, .es-footer-body h3 a { font-size:20px!important; text-align:left } .es-menu td a { font-size:14px!important } .es-header-body p, .es-header-body ul li, .es-header-body ol li, .es-header-body a { font-size:14px!important } .es-content-body p, .es-content-body ul li, .es-content-body ol li, .es-content-body a { font-size:14px!important } .es-footer-body p, .es-footer-body ul li, .es-footer-body ol li, .es-footer-body a { font-size:14px!important } .es-infoblock p, .es-infoblock ul li, .es-infoblock ol li, .es-infoblock a { font-size:12px!important } *[class="gmail-fix"] { display:none!important } .es-m-txt-c, .es-m-txt-c h1, .es-m-txt-c h2, .es-m-txt-c h3 { text-align:center!important } .es-m-txt-r, .es-m-txt-r h1, .es-m-txt-r h2, .es-m-txt-r h3 { text-align:right!important } .es-m-txt-l, .es-m-txt-l h1, .es-m-txt-l h2, .es-m-txt-l h3 { text-align:left!important } .es-m-txt-r img, .es-m-txt-c img, .es-m-txt-l img { display:inline!important } .es-button-border { display:inline-block!important } a.es-button, button.es-button { font-size:18px!important; display:inline-block!important } .es-adaptive table, .es-left, .es-right { width:100%!important } .es-content table, .es-header table, .es-footer table, .es-content, .es-footer, .es-header { width:100%!important; max-width:600px!important } .es-adapt-td { display:block!important; width:100%!important } .adapt-img { width:100%!important; height:auto!important } .es-m-p0 { padding:0px!important } .es-m-p0r { padding-right:0px!important } .es-m-p0l { padding-left:0px!important } .es-m-p0t { padding-top:0px!important } .es-m-p0b { padding-bottom:0!important } .es-m-p20b { padding-bottom:20px!important } .es-mobile-hidden, .es-hidden { display:none!important } tr.es-desk-hidden, td.es-desk-hidden, table.es-desk-hidden { width:auto!important; overflow:visible!important; float:none!important; max-height:inherit!important; line-height:inherit!important } tr.es-desk-hidden { display:table-row!important } table.es-desk-hidden { display:table!important } td.es-desk-menu-hidden { display:table-cell!important } .es-menu td { width:1%!important } table.es-table-not-adapt, .esd-block-html table { width:auto!important } table.es-social { display:inline-block!important } table.es-social td { display:inline-block!important } .es-desk-hidden { display:table-row!important; width:auto!important; overflow:visible!important; max-height:inherit!important } }</style></head>
<body data-new-gr-c-s-loaded="14.1028.0" style="width:100%;font-family:arial, ''helvetica neue'', helvetica, sans-serif;-webkit-text-size-adjust:100%;-ms-text-size-adjust:100%;padding:0;Margin:0"><div class="es-wrapper-color" style="background-color:#F6F6F6"><!--[if gte mso 9]><v:background xmlns:v="urn:schemas-microsoft-com:vml" fill="t"> <v:fill type="tile" color="#f6f6f6"></v:fill> </v:background><![endif]--><table class="es-wrapper" width="100%" cellspacing="0" cellpadding="0" style="mso-table-lspace:0pt;mso-table-rspace:0pt;border-collapse:collapse;border-spacing:0px;padding:0;Margin:0;width:100%;height:100%;background-repeat:repeat;background-position:center top;background-color:#F6F6F6"><tr><td valign="top" style="padding:0;Margin:0"><table class="es-header" cellspacing="0" cellpadding="0" align="center" style="mso-table-lspace:0pt;mso-table-rspace:0pt;border-collapse:collapse;border-spacing:0px;table-layout:fixed !important;width:100%;background-color:transparent;background-repeat:repeat;background-position:center top"><tr><td align="center" style="padding:0;Margin:0"><table class="es-header-body" cellspacing="0" cellpadding="0" bgcolor="#ffffff" align="center" style="mso-table-lspace:0pt;mso-table-rspace:0pt;border-collapse:collapse;border-spacing:0px;background-color:#FFFFFF;width:600px"><tr><td align="left" style="padding:0;Margin:0;padding-top:20px;padding-left:20px;padding-right:20px"><table cellspacing="0" cellpadding="0" width="100%" style="mso-table-lspace:0pt;mso-table-rspace:0pt;border-collapse:collapse;border-spacing:0px"><tr><td class="es-m-p0r" valign="top" align="center" style="padding:0;Margin:0;width:560px"><table width="100%" cellspacing="0" cellpadding="0" role="presentation" style="mso-table-lspace:0pt;mso-table-rspace:0pt;border-collapse:collapse;border-spacing:0px"><tr><td align="center" bgcolor="#333333" style="padding:10px;Margin:0"><p style="Margin:0;-webkit-text-size-adjust:none;-ms-text-size-adjust:none;mso-line-height-rule:exactly;font-family:''comic sans ms'', ''marker felt-thin'', arial, sans-serif;line-height:45px;color:#ffffff;font-size:30px"><strong>Online Marketplace</strong></p>
</td></tr><tr><td align="left" style="padding:0;Margin:0"><h6 style="font-size:14px">Dear ${name},</h6><p style="Margin:0;-webkit-text-size-adjust:none;-ms-text-size-adjust:none;mso-line-height-rule:exactly;font-family:arial, ''helvetica neue'', helvetica, sans-serif;line-height:21px;color:#333333;font-size:14px">We are delighted to inform you that your order with order number <strong>${orderCode}</strong> has been delivered! We hope that you are satisfied with your purchase and that it meets your expectations.</p></td></tr><tr><td align="left" style="padding:0;Margin:0"><p style="Margin:0;-webkit-text-size-adjust:none;-ms-text-size-adjust:none;mso-line-height-rule:exactly;font-family:arial, ''helvetica neue'', helvetica, sans-serif;line-height:21px;color:#333333;font-size:14px">You can also click on the following link to check you order:</p></td>
</tr><tr><td align="center" style="padding:10px;Margin:0"><!--[if mso]><a href="${orderUrl}" target="_blank" hidden> <v:roundrect xmlns:v="urn:schemas-microsoft-com:vml" xmlns:w="urn:schemas-microsoft-com:office:word" esdevVmlButton href="${orderUrl}" style="height:41px; v-text-anchor:middle; width:132px" arcsize="50%" stroke="f" fillcolor="#31cb4b"> <w:anchorlock></w:anchorlock> <center style=''color:#ffffff; font-family:arial, "helvetica neue", helvetica, sans-serif; font-size:15px; font-weight:400; line-height:15px; mso-text-raise:1px''>View Order</center> </v:roundrect></a><![endif]--><!--[if !mso]><!-- --><span class="msohide es-button-border" style="border-style:solid;border-color:#2CB543;background:#31cb4b;border-width:0px 0px 2px 0px;display:inline-block;border-radius:30px;width:auto;mso-border-alt:10px;mso-hide:all;border-bottom-width:0px"><a href="${orderUrl}" class="es-button" target="_blank" style="mso-style-priority:100 !important;text-decoration:none;-webkit-text-size-adjust:none;-ms-text-size-adjust:none;mso-line-height-rule:exactly;color:#FFFFFF;font-size:18px;display:inline-block;background:#31CB4B;border-radius:30px;font-family:arial, ''helvetica neue'', helvetica, sans-serif;font-weight:normal;font-style:normal;line-height:22px;width:auto;text-align:center;padding:10px 20px 10px 20px">View Order</a></span><!--<![endif]--></td>
</tr><tr><td align="left" style="padding:0;Margin:0"><p style="Margin:0;-webkit-text-size-adjust:none;-ms-text-size-adjust:none;mso-line-height-rule:exactly;font-family:arial, ''helvetica neue'', helvetica, sans-serif;line-height:17px;color:#333333;font-size:14px">We hope that you enjoy your purchase and thank you again for choosing us.<br></p><p style="Margin:0;-webkit-text-size-adjust:none;-ms-text-size-adjust:none;mso-line-height-rule:exactly;font-family:arial, ''helvetica neue'', helvetica, sans-serif;line-height:17px;color:#333333;font-size:14px"><br>Thank you,<br><br>Online Marketplace</p></td></tr></table></td></tr></table></td>
</tr><tr><td align="left" style="padding:0;Margin:0;padding-top:20px;padding-left:20px;padding-right:20px"><table cellpadding="0" cellspacing="0" width="100%" style="mso-table-lspace:0pt;mso-table-rspace:0pt;border-collapse:collapse;border-spacing:0px"><tr><td align="center" valign="top" style="padding:0;Margin:0;width:560px"><table cellpadding="0" cellspacing="0" width="100%" bgcolor="#333333" style="mso-table-lspace:0pt;mso-table-rspace:0pt;border-collapse:collapse;border-spacing:0px;background-color:#333333" role="presentation"><tr><td align="left" style="padding:15px;Margin:0"><p style="Margin:0;-webkit-text-size-adjust:none;-ms-text-size-adjust:none;mso-line-height-rule:exactly;font-family:arial, ''helvetica neue'', helvetica, sans-serif;line-height:21px;color:#ffffff;font-size:14px"><br></p></td></tr></table></td></tr></table></td></tr></table></td></tr></table></td></tr></table></div></body></html>
'),
       (10, 'prabeensoti@gmail.com', 'PAYMENT_FAIL_NOTIFICATION', 'Payment Failed Notification', '<!DOCTYPE html PUBLIC "-//W3C//DTD XHTML 1.0 Transitional//EN" "http://www.w3.org/TR/xhtml1/DTD/xhtml1-transitional.dtd"><html xmlns="http://www.w3.org/1999/xhtml" xmlns:o="urn:schemas-microsoft-com:office:office" style="font-family:arial, ''helvetica neue'', helvetica, sans-serif"><head><meta charset="UTF-8"><meta content="width=device-width, initial-scale=1" name="viewport"><meta name="x-apple-disable-message-reformatting"><meta http-equiv="X-UA-Compatible" content="IE=edge"><meta content="telephone=no" name="format-detection"><title>Payment Failed Notification</title><!--[if (mso 16)]><style type="text/css">     a {text-decoration: none;}     </style><![endif]--><!--[if gte mso 9]><style>sup { font-size: 100% !important; }</style><![endif]--><!--[if gte mso 9]><xml> <o:OfficeDocumentSettings> <o:AllowPNG></o:AllowPNG> <o:PixelsPerInch>96</o:PixelsPerInch> </o:OfficeDocumentSettings> </xml><![endif]--><style type="text/css">#outlook a {	padding:0;}.es-button {	mso-style-priority:100!important;	text-decoration:none!important;}a[x-apple-data-detectors] {	color:inherit!important;	text-decoration:none!important;	font-size:inherit!important;	font-family:inherit!important;	font-weight:inherit!important;	line-height:inherit!important;}.es-desk-hidden {	display:none;	float:left;	overflow:hidden;	width:0;	max-height:0;	line-height:0;	mso-hide:all;}@media only screen and (max-width:600px) {p, ul li, ol li, a { line-height:150%!important } h1, h2, h3, h1 a, h2 a, h3 a { line-height:120% } h1 { font-size:30px!important; text-align:left } h2 { font-size:24px!important; text-align:left } h3 { font-size:20px!important; text-align:left } .es-header-body h1 a, .es-content-body h1 a, .es-footer-body h1 a { font-size:30px!important; text-align:left } .es-header-body h2 a, .es-content-body h2 a, .es-footer-body h2 a { font-size:24px!important; text-align:left } .es-header-body h3 a, .es-content-body h3 a, .es-footer-body h3 a { font-size:20px!important; text-align:left } .es-menu td a { font-size:14px!important } .es-header-body p, .es-header-body ul li, .es-header-body ol li, .es-header-body a { font-size:14px!important } .es-content-body p, .es-content-body ul li, .es-content-body ol li, .es-content-body a { font-size:14px!important } .es-footer-body p, .es-footer-body ul li, .es-footer-body ol li, .es-footer-body a { font-size:14px!important } .es-infoblock p, .es-infoblock ul li, .es-infoblock ol li, .es-infoblock a { font-size:12px!important } *[class="gmail-fix"] { display:none!important } .es-m-txt-c, .es-m-txt-c h1, .es-m-txt-c h2, .es-m-txt-c h3 { text-align:center!important } .es-m-txt-r, .es-m-txt-r h1, .es-m-txt-r h2, .es-m-txt-r h3 { text-align:right!important } .es-m-txt-l, .es-m-txt-l h1, .es-m-txt-l h2, .es-m-txt-l h3 { text-align:left!important } .es-m-txt-r img, .es-m-txt-c img, .es-m-txt-l img { display:inline!important } .es-button-border { display:inline-block!important } a.es-button, button.es-button { font-size:18px!important; display:inline-block!important } .es-adaptive table, .es-left, .es-right { width:100%!important } .es-content table, .es-header table, .es-footer table, .es-content, .es-footer, .es-header { width:100%!important; max-width:600px!important } .es-adapt-td { display:block!important; width:100%!important } .adapt-img { width:100%!important; height:auto!important } .es-m-p0 { padding:0px!important } .es-m-p0r { padding-right:0px!important } .es-m-p0l { padding-left:0px!important } .es-m-p0t { padding-top:0px!important } .es-m-p0b { padding-bottom:0!important } .es-m-p20b { padding-bottom:20px!important } .es-mobile-hidden, .es-hidden { display:none!important } tr.es-desk-hidden, td.es-desk-hidden, table.es-desk-hidden { width:auto!important; overflow:visible!important; float:none!important; max-height:inherit!important; line-height:inherit!important } tr.es-desk-hidden { display:table-row!important } table.es-desk-hidden { display:table!important } td.es-desk-menu-hidden { display:table-cell!important } .es-menu td { width:1%!important } table.es-table-not-adapt, .esd-block-html table { width:auto!important } table.es-social { display:inline-block!important } table.es-social td { display:inline-block!important } .es-desk-hidden { display:table-row!important; width:auto!important; overflow:visible!important; max-height:inherit!important } }</style></head>
<body style="width:100%;font-family:arial, ''helvetica neue'', helvetica, sans-serif;-webkit-text-size-adjust:100%;-ms-text-size-adjust:100%;padding:0;Margin:0"><div class="es-wrapper-color" style="background-color:#F6F6F6"><!--[if gte mso 9]><v:background xmlns:v="urn:schemas-microsoft-com:vml" fill="t"> <v:fill type="tile" color="#f6f6f6"></v:fill> </v:background><![endif]--><table class="es-wrapper" width="100%" cellspacing="0" cellpadding="0" style="mso-table-lspace:0pt;mso-table-rspace:0pt;border-collapse:collapse;border-spacing:0px;padding:0;Margin:0;width:100%;height:100%;background-repeat:repeat;background-position:center top;background-color:#F6F6F6"><tr><td valign="top" style="padding:0;Margin:0"><table class="es-header" cellspacing="0" cellpadding="0" align="center" style="mso-table-lspace:0pt;mso-table-rspace:0pt;border-collapse:collapse;border-spacing:0px;table-layout:fixed !important;width:100%;background-color:transparent;background-repeat:repeat;background-position:center top"><tr><td align="center" style="padding:0;Margin:0"><table class="es-header-body" cellspacing="0" cellpadding="0" bgcolor="#ffffff" align="center" style="mso-table-lspace:0pt;mso-table-rspace:0pt;border-collapse:collapse;border-spacing:0px;background-color:#FFFFFF;width:600px"><tr><td align="left" style="padding:20px;Margin:0"><table cellpadding="0" cellspacing="0" width="100%" style="mso-table-lspace:0pt;mso-table-rspace:0pt;border-collapse:collapse;border-spacing:0px"><tr><td align="center" valign="top" style="padding:0;Margin:0;width:560px"><table cellpadding="0" cellspacing="0" width="100%" role="presentation" style="mso-table-lspace:0pt;mso-table-rspace:0pt;border-collapse:collapse;border-spacing:0px"><tr><td align="center" bgcolor="#333333" style="padding:10px;Margin:0"><p style="Margin:0;-webkit-text-size-adjust:none;-ms-text-size-adjust:none;mso-line-height-rule:exactly;font-family:''comic sans ms'', ''marker felt-thin'', arial, sans-serif;line-height:45px;color:#ffffff;font-size:30px">Online MarketPlace</p>
</td></tr><tr><td align="left" style="padding:10px;Margin:0"><p style="Margin:0;-webkit-text-size-adjust:none;-ms-text-size-adjust:none;mso-line-height-rule:exactly;font-family:arial, ''helvetica neue'', helvetica, sans-serif;line-height:21px;color:#333333;font-size:14px"></p><p style="Margin:0;-webkit-text-size-adjust:none;-ms-text-size-adjust:none;mso-line-height-rule:exactly;font-family:arial, ''helvetica neue'', helvetica, sans-serif;line-height:21px;color:#333333;font-size:14px"><strong>Dear ${name},</strong></p><p style="Margin:0;-webkit-text-size-adjust:none;-ms-text-size-adjust:none;mso-line-height-rule:exactly;font-family:arial, ''helvetica neue'', helvetica, sans-serif;line-height:21px;color:#333333;font-size:14px"><br></p>
<p style="Margin:0;-webkit-text-size-adjust:none;-ms-text-size-adjust:none;mso-line-height-rule:exactly;font-family:arial, ''helvetica neue'', helvetica, sans-serif;line-height:21px;color:#333333;font-size:14px">We regret to inform you that we were unable to process your recent payment for order number <strong>${orderCode}</strong>. We apologize for any inconvenience this may have caused.</p></td></tr><tr><td align="left" style="padding:10px;Margin:0"><p style="Margin:0;-webkit-text-size-adjust:none;-ms-text-size-adjust:none;mso-line-height-rule:exactly;font-family:arial, ''helvetica neue'', helvetica, sans-serif;line-height:21px;color:#333333;font-size:14px">Please note that your order is currently on hold and will not be shipped until we receive a successful payment confirmation. We kindly ask that you review your payment details and ensure that the information provided is accurate.</p>
<p style="Margin:0;-webkit-text-size-adjust:none;-ms-text-size-adjust:none;mso-line-height-rule:exactly;font-family:arial, ''helvetica neue'', helvetica, sans-serif;line-height:21px;color:#333333;font-size:14px"><br></p><p style="Margin:0;-webkit-text-size-adjust:none;-ms-text-size-adjust:none;mso-line-height-rule:exactly;font-family:arial, ''helvetica neue'', helvetica, sans-serif;line-height:21px;color:#333333;font-size:14px">Thank you for your understanding and prompt attention to this matter.<br></p></td></tr><tr><td align="left" style="padding:10px;Margin:0"><p style="Margin:0;-webkit-text-size-adjust:none;-ms-text-size-adjust:none;mso-line-height-rule:exactly;font-family:arial, ''helvetica neue'', helvetica, sans-serif;line-height:21px;color:#333333;font-size:14px">Best regards,</p>
<p style="Margin:0;-webkit-text-size-adjust:none;-ms-text-size-adjust:none;mso-line-height-rule:exactly;font-family:arial, ''helvetica neue'', helvetica, sans-serif;line-height:21px;color:#333333;font-size:14px"><br></p><p style="Margin:0;-webkit-text-size-adjust:none;-ms-text-size-adjust:none;mso-line-height-rule:exactly;font-family:arial, ''helvetica neue'', helvetica, sans-serif;line-height:21px;color:#333333;font-size:14px">Online MarketPlace</p></td></tr><tr><td align="left" bgcolor="#333333" style="padding:10px;Margin:0"><p style="Margin:0;-webkit-text-size-adjust:none;-ms-text-size-adjust:none;mso-line-height-rule:exactly;font-family:arial, ''helvetica neue'', helvetica, sans-serif;line-height:21px;color:#333333;font-size:14px"><br></p></td></tr></table></td></tr></table></td></tr></table></td></tr></table></td></tr></table></div></body></html>
'),
       (11, 'prabeensoti@gmail.com', 'ORDER_PAY_NOTIFICATION', 'Pay Success Notification', '<!DOCTYPE html PUBLIC "-//W3C//DTD XHTML 1.0 Transitional//EN" "http://www.w3.org/TR/xhtml1/DTD/xhtml1-transitional.dtd"><html xmlns="http://www.w3.org/1999/xhtml" xmlns:o="urn:schemas-microsoft-com:office:office" style="font-family:arial, ''helvetica neue'', helvetica, sans-serif"><head><meta charset="UTF-8"><meta content="width=device-width, initial-scale=1" name="viewport"><meta name="x-apple-disable-message-reformatting"><meta http-equiv="X-UA-Compatible" content="IE=edge"><meta content="telephone=no" name="format-detection"><title>Your Purchase Detail</title><!--[if (mso 16)]><style type="text/css">     a {text-decoration: none;}     </style><![endif]--><!--[if gte mso 9]><style>sup { font-size: 100% !important; }</style><![endif]--><!--[if gte mso 9]><xml> <o:OfficeDocumentSettings> <o:AllowPNG></o:AllowPNG> <o:PixelsPerInch>96</o:PixelsPerInch> </o:OfficeDocumentSettings> </xml><![endif]--><style type="text/css">#outlook a { padding:0;}.es-button { mso-style-priority:100!important;   text-decoration:none!important;}a[x-apple-data-detectors] { color:inherit!important;    text-decoration:none!important; font-size:inherit!important;    font-family:inherit!important;  font-weight:inherit!important;  line-height:inherit!important;}.es-desk-hidden {    display:none;   float:left; overflow:hidden;    width:0;    max-height:0;   line-height:0;  mso-hide:all;}@media only screen and (max-width:600px) {p, ul li, ol li, a { line-height:150%!important } h1, h2, h3, h1 a, h2 a, h3 a { line-height:120% } h1 { font-size:30px!important; text-align:left } h2 { font-size:24px!important; text-align:left } h3 { font-size:20px!important; text-align:left } .es-header-body h1 a, .es-content-body h1 a, .es-footer-body h1 a { font-size:30px!important; text-align:left } .es-header-body h2 a, .es-content-body h2 a, .es-footer-body h2 a { font-size:24px!important; text-align:left } .es-header-body h3 a, .es-content-body h3 a, .es-footer-body h3 a { font-size:20px!important; text-align:left } .es-menu td a { font-size:14px!important } .es-header-body p, .es-header-body ul li, .es-header-body ol li, .es-header-body a { font-size:14px!important } .es-content-body p, .es-content-body ul li, .es-content-body ol li, .es-content-body a { font-size:14px!important } .es-footer-body p, .es-footer-body ul li, .es-footer-body ol li, .es-footer-body a { font-size:14px!important } .es-infoblock p, .es-infoblock ul li, .es-infoblock ol li, .es-infoblock a { font-size:12px!important } *[class="gmail-fix"] { display:none!important } .es-m-txt-c, .es-m-txt-c h1, .es-m-txt-c h2, .es-m-txt-c h3 { text-align:center!important } .es-m-txt-r, .es-m-txt-r h1, .es-m-txt-r h2, .es-m-txt-r h3 { text-align:right!important } .es-m-txt-l, .es-m-txt-l h1, .es-m-txt-l h2, .es-m-txt-l h3 { text-align:left!important } .es-m-txt-r img, .es-m-txt-c img, .es-m-txt-l img { display:inline!important } .es-button-border { display:inline-block!important } a.es-button, button.es-button { font-size:18px!important; display:inline-block!important } .es-adaptive table, .es-left, .es-right { width:100%!important } .es-content table, .es-header table, .es-footer table, .es-content, .es-footer, .es-header { width:100%!important; max-width:600px!important } .es-adapt-td { display:block!important; width:100%!important } .adapt-img { width:100%!important; height:auto!important } .es-m-p0 { padding:0px!important } .es-m-p0r { padding-right:0px!important } .es-m-p0l { padding-left:0px!important } .es-m-p0t { padding-top:0px!important } .es-m-p0b { padding-bottom:0!important } .es-m-p20b { padding-bottom:20px!important } .es-mobile-hidden, .es-hidden { display:none!important } tr.es-desk-hidden, td.es-desk-hidden, table.es-desk-hidden { width:auto!important; overflow:visible!important; float:none!important; max-height:inherit!important; line-height:inherit!important } tr.es-desk-hidden { display:table-row!important } table.es-desk-hidden { display:table!important } td.es-desk-menu-hidden { display:table-cell!important } .es-menu td { width:1%!important } table.es-table-not-adapt, .esd-block-html table { width:auto!important } table.es-social { display:inline-block!important } table.es-social td { display:inline-block!important } .es-desk-hidden { display:table-row!important; width:auto!important; overflow:visible!important; max-height:inherit!important } }</style></head>
<body style="width:100%;font-family:arial, ''helvetica neue'', helvetica, sans-serif;-webkit-text-size-adjust:100%;-ms-text-size-adjust:100%;padding:0;Margin:0"><div class="es-wrapper-color" style="background-color:#F6F6F6"><!--[if gte mso 9]><v:background xmlns:v="urn:schemas-microsoft-com:vml" fill="t"> <v:fill type="tile" color="#f6f6f6"></v:fill> </v:background><![endif]--><table class="es-wrapper" width="100%" cellspacing="0" cellpadding="0" style="mso-table-lspace:0pt;mso-table-rspace:0pt;border-collapse:collapse;border-spacing:0px;padding:0;Margin:0;width:100%;height:100%;background-repeat:repeat;background-position:center top;background-color:#F6F6F6"><tr><td valign="top" style="padding:0;Margin:0"><table class="es-header" cellspacing="0" cellpadding="0" align="center" style="mso-table-lspace:0pt;mso-table-rspace:0pt;border-collapse:collapse;border-spacing:0px;table-layout:fixed !important;width:100%;background-color:transparent;background-repeat:repeat;background-position:center top"><tr><td align="center" style="padding:0;Margin:0"><table class="es-header-body" cellspacing="0" cellpadding="0" bgcolor="#ffffff" align="center" style="mso-table-lspace:0pt;mso-table-rspace:0pt;border-collapse:collapse;border-spacing:0px;background-color:#FFFFFF;width:600px"><tr><td align="left" style="padding:20px;Margin:0"><table cellpadding="0" cellspacing="0" width="100%" style="mso-table-lspace:0pt;mso-table-rspace:0pt;border-collapse:collapse;border-spacing:0px"><tr><td align="center" valign="top" style="padding:0;Margin:0;width:560px"><table cellpadding="0" cellspacing="0" width="100%" role="presentation" style="mso-table-lspace:0pt;mso-table-rspace:0pt;border-collapse:collapse;border-spacing:0px"><tr><td align="center" bgcolor="#333333" style="padding:10px;Margin:0"><p style="Margin:0;-webkit-text-size-adjust:none;-ms-text-size-adjust:none;mso-line-height-rule:exactly;font-family:''comic sans ms'', ''marker felt-thin'', arial, sans-serif;line-height:45px;color:#ffffff;font-size:30px">Online MarketPlace</p>
</td></tr><tr><td align="left" style="padding:10px;Margin:0"><p style="Margin:0;-webkit-text-size-adjust:none;-ms-text-size-adjust:none;mso-line-height-rule:exactly;font-family:arial, ''helvetica neue'', helvetica, sans-serif;line-height:21px;color:#333333;font-size:14px"></p><p style="Margin:0;-webkit-text-size-adjust:none;-ms-text-size-adjust:none;mso-line-height-rule:exactly;font-family:arial, ''helvetica neue'', helvetica, sans-serif;line-height:21px;color:#333333;font-size:14px"><strong>Dear ${name},</strong></p><p style="Margin:0;-webkit-text-size-adjust:none;-ms-text-size-adjust:none;mso-line-height-rule:exactly;font-family:arial, ''helvetica neue'', helvetica, sans-serif;line-height:21px;color:#333333;font-size:14px"><br></p>
<p style="Margin:0;-webkit-text-size-adjust:none;-ms-text-size-adjust:none;mso-line-height-rule:exactly;font-family:arial, ''helvetica neue'', helvetica, sans-serif;line-height:21px;color:#333333;font-size:14px">Your payment is success. Transaction amount: ${price} <strong> Your items will be shipped to ${address}</strong></p></td></tr><tr><td align="left" style="padding:10px;Margin:0"><p style="Margin:0;-webkit-text-size-adjust:none;-ms-text-size-adjust:none;mso-line-height-rule:exactly;font-family:arial, ''helvetica neue'', helvetica, sans-serif;line-height:21px;color:#333333;font-size:14px">We are happy to provide the service.</p>
<p style="Margin:0;-webkit-text-size-adjust:none;-ms-text-size-adjust:none;mso-line-height-rule:exactly;font-family:arial, ''helvetica neue'', helvetica, sans-serif;line-height:21px;color:#333333;font-size:14px"><br></p><p style="Margin:0;-webkit-text-size-adjust:none;-ms-text-size-adjust:none;mso-line-height-rule:exactly;font-family:arial, ''helvetica neue'', helvetica, sans-serif;line-height:21px;color:#333333;font-size:14px">Thank you!.<br></p></td></tr><tr><td align="left" style="padding:10px;Margin:0"><p style="Margin:0;-webkit-text-size-adjust:none;-ms-text-size-adjust:none;mso-line-height-rule:exactly;font-family:arial, ''helvetica neue'', helvetica, sans-serif;line-height:21px;color:#333333;font-size:14px">Best regards,</p>
<p style="Margin:0;-webkit-text-size-adjust:none;-ms-text-size-adjust:none;mso-line-height-rule:exactly;font-family:arial, ''helvetica neue'', helvetica, sans-serif;line-height:21px;color:#333333;font-size:14px"><br></p><p style="Margin:0;-webkit-text-size-adjust:none;-ms-text-size-adjust:none;mso-line-height-rule:exactly;font-family:arial, ''helvetica neue'', helvetica, sans-serif;line-height:21px;color:#333333;font-size:14px">Online MarketPlace</p></td></tr><tr><td align="left" bgcolor="#333333" style="padding:10px;Margin:0"><p style="Margin:0;-webkit-text-size-adjust:none;-ms-text-size-adjust:none;mso-line-height-rule:exactly;font-family:arial, ''helvetica neue'', helvetica, sans-serif;line-height:21px;color:#333333;font-size:14px"><br></p></td></tr></table></td></tr></table></td></tr></table></td></tr></table></td></tr></table></div></body></html>
')
ON DUPLICATE KEY UPDATE template_id=template_id;
